time,density,speed,temperature,bx_gsm,by_gsm,bz_gsm,bt,pdyn_npa,bz_south,vbz,clock_angle_rad,newell_proxy
2025-09-08 09:00:00+00:00,0.01,567.4,134328.0,-2.32,-0.58,-5.48,5.98,0.005384814603759999,-5.48,-3109.3520000000003,-3.036145806106671,15418.525359444508
2025-09-08 09:01:00+00:00,0.02,560.5,100738.0,-2.32,-1.16,-5.42,6.0,0.010509288683,-5.42,-3037.91,-2.9307513364907436,15034.453619202866
2025-09-08 09:02:00+00:00,0.05,587.8,89599.0,-2.4,-1.09,-5.39,6.0,0.028894904289200003,-5.39,-3168.2419999999997,-2.9420572967204635,16043.543768291433
2025-09-08 09:03:00+00:00,0.05,581.5,91223.0,-4.1,-0.5,-4.33,5.99,0.028278836367500004,-4.33,-2517.895,-3.0266283903891074,15938.096815738098
2025-09-08 09:04:00+00:00,0.05,565.1,324164.0,-5.61,-0.18,-2.89,6.32,0.026706237776300004,-2.89,-1633.1390000000001,-3.079389267976544,15949.665229387463
2025-09-08 09:05:00+00:00,0.02,514.7,45197.0,-4.79,-0.92,-3.9,6.25,0.00886197304268,-3.9,-2007.3300000000002,-2.9099303945727506,13746.927692899151
2025-09-08 09:06:00+00:00,0.01,551.7,383299.0,-4.64,-1.22,-4.0,6.25,0.005090940958140001,-4.0,-2206.8,-2.84555503911489,14909.295342563073
2025-09-08 09:07:00+00:00,0.03,578.3,223128.0,-4.51,-1.01,-4.2,6.24,0.01678107319842,-4.2,-2428.86,-2.905597465804083,16029.231843398311
2025-09-08 09:08:00+00:00,0.04,575.0,168562.0,-4.44,-0.83,-4.31,6.24,0.022120135,-4.31,-2478.25,-2.9513462123337266,16011.524687895273
2025-09-08 09:09:00+00:00,0.02,548.2,94483.0,-4.54,-0.96,-3.89,6.06,0.010053103424480002,-3.89,-2132.498,-2.8996406156037025,14624.186766432806
2025-09-08 09:10:00+00:00,0.03,552.3,184364.0,-5.46,-0.12,-3.27,6.37,0.015306060781619996,-3.27,-1806.021,-3.1049118658331416,15564.370369793123
2025-09-08 09:11:00+00:00,0.03,580.9,217158.0,-5.14,-0.27,-3.73,6.36,0.01693230567618,-3.73,-2166.757,-3.0693326266997767,16609.269170467887
2025-09-08 09:12:00+00:00,0.03,582.8,206014.0,-5.44,-0.01,-3.37,6.4,0.01704325073952,-3.37,-1964.0359999999998,-3.1386253032487184,16780.75250355866
2025-09-08 09:13:00+00:00,0.04,575.3,228207.0,-5.41,0.0,-3.33,6.35,0.022143222901359998,-3.33,-1915.7489999999998,3.141592653589793,16407.4711350903
2025-09-08 09:14:00+00:00,0.04,580.0,207006.0,-5.3,0.13,-3.54,6.37,0.0225065056,-3.54,-2053.2,3.1048859845763532,16613.78358153713
2025-09-08 09:15:00+00:00,0.05,545.3,218838.0,-5.57,0.38,-3.18,6.42,0.0248675552867,-3.18,-1734.0539999999999,3.022659759276804,15316.343732532958
2025-09-08 09:16:00+00:00,0.04,510.5,43044.0,-5.68,0.74,-2.64,6.31,0.017435868166,-2.64,-1347.72,2.868302972707723,13588.389880395376
2025-09-08 09:17:00+00:00,0.09,512.4,61838.0,-6.08,0.97,-1.47,6.33,0.03952326770783999,-1.47,-753.228,2.5583144243418388,12505.928423245306
2025-09-08 09:18:00+00:00,0.31,500.6,25892.0,-6.12,0.91,-1.42,6.35,0.12993779026216,-1.42,-710.852,2.5716801816979085,12213.313397871041
2025-09-08 09:19:00+00:00,0.31,500.6,25892.0,-6.13,0.77,-1.42,6.34,0.12993779026216,-1.42,-710.852,2.644716282615662,12213.313397871041
2025-09-08 09:20:00+00:00,0.18,496.5,21962.0,-6.04,0.95,-1.65,6.34,0.074216950083,-1.65,-819.2249999999999,2.6191892218732646,12283.453799242605
2025-09-08 09:21:00+00:00,0.04,492.1,16820.0,-5.96,0.41,-2.07,6.32,0.01620163387864,-2.07,-1018.6469999999999,2.9460558276588142,13112.092345972094
2025-09-08 09:22:00+00:00,0.07,498.3,22557.0,-5.57,-0.11,-2.81,6.25,0.029071798966980006,-2.81,-1400.223,-3.102466723508233,13397.370529328742
2025-09-08 09:23:00+00:00,0.05,502.4,39395.0,-5.48,0.14,-2.88,6.19,0.021108693708800003,-2.88,-1446.9119999999998,3.0930197782836606,13454.008350750322
2025-09-08 09:24:00+00:00,0.04,568.0,97606.0,-5.57,-0.01,-2.67,6.17,0.021584836096,-2.67,-1516.56,-3.1378473527499575,15824.106347369843
2025-09-08 09:25:00+00:00,0.07,551.1,182413.0,-5.58,0.57,-2.83,6.29,0.035559115889220005,-2.83,-1559.613,2.9428383989238127,15194.259020227862
2025-09-08 09:26:00+00:00,0.07,512.0,105135.0,-5.54,0.28,-2.92,6.27,0.030692343808000004,-2.92,-1495.04,3.0459945349259527,13885.07186781624
2025-09-08 09:27:00+00:00,0.08,516.7,170985.0,-5.82,0.15,-2.46,6.32,0.03572391131312001,-2.46,-1271.082,3.080692445311805,14155.515044696966
2025-09-08 09:28:00+00:00,0.1,512.6,307078.0,-5.75,-0.1,-2.38,6.23,0.04394903019760001,-2.38,-1219.988,-3.0996005463684235,13881.66455468193
2025-09-08 09:29:00+00:00,0.08,495.3,42954.0,-5.92,-0.5,-1.74,6.19,0.032826058218720006,-1.74,-861.822,-2.86177554506655,12870.031901653116
2025-09-08 09:30:00+00:00,0.08,511.0,95585.0,-5.67,0.99,-2.31,6.2,0.034940078768,-2.31,-1180.41,2.7367008673047097,13049.465589189744
2025-09-08 09:31:00+00:00,0.34,519.1,166791.0,-5.59,2.19,-1.98,6.32,0.15324032601004,-1.98,-1027.818,2.3058772857308667,11218.955617001317
2025-09-08 09:32:00+00:00,0.96,507.7,38519.0,-5.31,2.57,-2.2,6.3,0.41388306091584,-2.2,-1116.94,2.278781367846619,10692.567321720884
2025-09-08 09:33:00+00:00,0.97,505.6,32721.0,-4.28,3.7,-2.5,6.18,0.41474194235392003,-2.5,-1264.0,2.1650100305953304,9738.116006336608
2025-09-08 09:34:00+00:00,0.57,512.4,30491.0,-4.52,3.98,-1.6,6.23,0.2503140288163199,-1.6,-819.84,1.9530343039081624,8407.315573484562
2025-09-08 09:35:00+00:00,2.16,533.4,72712.0,-4.65,3.76,-1.84,6.26,1.02790236741696,-1.84,-981.456,2.0258971353630915,9478.007912152325
2025-09-08 09:36:00+00:00,1.73,520.2,22875.0,-4.9,3.27,-2.08,6.25,0.7830308833279201,-2.08,-1082.016,2.137327642084691,9989.930795918553
2025-09-08 09:37:00+00:00,0.89,509.4,41937.0,-5.24,2.42,-2.55,6.31,0.38627800553304004,-2.55,-1298.9699999999998,2.382345468889005,11408.51888927097
2025-09-08 09:38:00+00:00,1.04,508.3,29208.0,-5.26,2.59,-2.26,6.28,0.44943371763056006,-2.26,-1148.7579999999998,2.288257963833241,10748.691914001638
2025-09-08 09:39:00+00:00,1.16,508.4,16845.0,-5.26,2.79,-2.09,6.31,0.50148871604096,-2.09,-1062.5559999999998,2.21372371218584,10286.021833134093
2025-09-08 09:40:00+00:00,0.9,510.9,18277.0,-5.34,2.97,-1.64,6.32,0.3929220554454,-1.64,-837.8759999999999,2.075318255154093,9373.303143299388
2025-09-08 09:41:00+00:00,1.35,506.6,15954.0,-5.5,3.09,-1.07,6.4,0.5795037249156001,-1.07,-542.062,1.9041517760666096,8057.906132892326
2025-09-08 09:42:00+00:00,1.45,506.2,16654.0,-5.35,3.14,-1.42,6.36,0.6214474013788,-1.42,-718.804,1.9955025926986634,8706.207232102552
2025-09-08 09:43:00+00:00,1.29,504.0,15686.0,-5.78,2.39,-1.47,6.42,0.5480786384640001,-1.47,-740.88,2.122217828122923,9641.963577776896
2025-09-08 09:44:00+00:00,0.85,501.0,17933.0,-5.69,2.14,-1.96,6.38,0.35685063171,-1.96,-981.96,2.312320224800707,10809.02249330565
2025-09-08 09:45:00+00:00,0.55,503.6,20880.0,-5.46,2.53,-2.27,6.43,0.23330617029280007,-2.27,-1143.172,2.3020807059632666,10874.6677136496
2025-09-08 09:46:00+00:00,0.77,506.9,18135.0,-5.24,2.4,-2.82,6.41,0.33092334081422,-2.82,-1429.4579999999999,2.4364813054753616,11774.746309906664
2025-09-08 09:47:00+00:00,0.43,510.1,22347.0,-4.96,2.44,-3.07,6.33,0.18714196922818,-3.07,-1566.007,2.4700376822671646,11965.319742045991
2025-09-08 09:48:00+00:00,0.46,514.9,19591.0,-5.24,2.3,-2.86,6.4,0.20398381400596,-2.86,-1472.6139999999998,2.464298525424761,12172.134522349786
2025-09-08 09:49:00+00:00,0.34,505.8,21475.0,-5.62,1.76,-2.48,6.39,0.14548849772976002,-2.48,-1254.384,2.524401262049431,12197.279087007819
2025-09-08 09:50:00+00:00,0.14,499.4,24172.0,-6.06,1.03,-1.71,6.38,0.05840058589904001,-1.71,-853.9739999999999,2.599454941951655,12342.373624264257
2025-09-08 09:51:00+00:00,0.45,497.5,22336.0,-5.91,1.31,-2.14,6.42,0.1862905291875,-2.14,-1064.65,2.5922875361877202,12298.143235315445
2025-09-08 09:52:00+00:00,0.45,497.5,22336.0,-5.8,1.28,-2.3,6.37,0.1862905291875,-2.3,-1064.65,2.633756141951369,12298.143235315445
2025-09-08 09:53:00+00:00,0.24,497.6,22574.0,-5.5,1.91,-2.5,6.34,0.09939489460224,-2.5,-1244.0,2.4891915890717415,11690.310846220558
2025-09-08 09:54:00+00:00,0.64,500.4,18552.0,-5.96,1.11,-1.7,6.3,0.26804435687424,-1.7,-850.68,2.56315260008756,12101.951645701673
2025-09-08 09:55:00+00:00,0.37,496.4,28718.0,-6.24,-0.08,-0.97,6.32,0.15249561725152,-0.97,-481.508,-3.0593046638151113,13405.197738881552
2025-09-08 09:56:00+00:00,0.15,492.7,34342.0,-6.22,0.09,-1.14,6.32,0.06090437292809999,-1.14,-561.6779999999999,3.0628086926006493,13274.63820707558
2025-09-08 09:57:00+00:00,0.13,490.7,28932.0,-6.2,-0.03,-1.13,6.3,0.052356132812620006,-1.13,-554.491,-3.115050215838396,13199.164870216993
2025-09-08 09:58:00+00:00,0.25,490.1,24467.0,-6.29,0.26,-0.94,6.36,0.10043879788150001,-0.94,-460.694,2.871743497651324,12945.255886342211
2025-09-08 09:59:00+00:00,0.25,490.1,24467.0,-6.17,0.51,-1.41,6.35,0.10043879788150001,-1.41,-460.694,2.7945310500503027,12945.255886342211
2025-09-08 10:00:00+00:00,0.17,490.6,29120.0,-6.16,0.43,-1.45,6.35,0.06843780965912001,-1.45,-711.37,2.8533024096428012,12904.634945554066
2025-09-08 10:01:00+00:00,0.17,490.8,27022.0,-6.05,0.45,-1.62,6.28,0.06849362030688001,-1.62,-795.0960000000001,2.8706458032513726,12858.36243378141
2025-09-08 10:02:00+00:00,0.22,490.9,24062.0,-6.08,0.54,-1.54,6.3,0.08867492656131999,-1.54,-755.986,2.804339465268135,12715.699901465136
2025-09-08 10:03:00+00:00,0.33,491.1,23751.0,-5.98,0.8,-1.6,6.25,0.13312079439318003,-1.6,-785.7600000000001,2.677945044588987,12229.550299920551
2025-09-08 10:04:00+00:00,0.32,493.0,22162.0,-6.01,0.9,-1.73,6.32,0.13008760236800002,-1.73,-852.89,2.661891377977732,12320.752770085483
2025-09-08 10:05:00+00:00,0.34,493.6,31220.0,-6.08,1.25,-1.03,6.3,0.13855471569664002,-1.03,-508.408,2.260001062633476,10178.988177278472
2025-09-08 10:06:00+00:00,0.37,480.7,31220.0,-6.16,1.34,-0.65,6.33,0.14300198330638,-0.65,-312.455,2.0224325014651416,8287.888876953908
2025-09-08 10:07:00+00:00,1.37,500.2,37126.0,-6.11,1.5,-0.68,6.33,0.57332388405848,-0.68,-340.136,1.9964187951345282,8548.651779479644
2025-09-08 10:08:00+00:00,1.08,494.6,18011.0,-5.96,1.84,-1.05,6.32,0.4419000716572801,-1.05,-519.33,2.089356961014641,9075.612896660981
2025-09-08 10:09:00+00:00,1.21,495.3,20816.0,-5.9,1.78,-1.28,6.29,0.49649413055814007,-1.28,-633.984,2.1942271382063097,9783.49661782447
2025-09-08 10:10:00+00:00,0.85,495.4,26455.0,-5.8,1.75,-1.47,6.23,0.34891771738359995,-1.47,-728.2379999999999,2.26945615151636,10212.791982880683
2025-09-08 10:11:00+00:00,0.68,496.3,19450.0,-5.73,1.65,-1.22,6.09,0.28014930896792,-1.22,-605.486,2.2074749293591847,9687.39022678462
2025-09-08 10:12:00+00:00,1.04,496.2,18629.0,-5.85,1.38,-1.39,6.17,0.42829100323776004,-1.39,-689.718,2.359804582812345,10721.04367055848
2025-09-08 10:13:00+00:00,0.46,484.5,16924.0,-5.87,1.3,-1.87,6.3,0.18060820938900002,-1.87,-906.0150000000001,2.5341040879623566,11455.624423245612
2025-09-08 10:14:00+00:00,0.06,493.8,24621.0,-5.79,0.58,-2.35,6.28,0.024470650484640002,-2.35,-1160.43,2.8996199934328097,13027.99826182999
2025-09-08 10:15:00+00:00,0.43,502.5,28006.0,-5.42,2.46,-1.87,6.24,0.1816070401125,-1.87,-939.6750000000001,2.2207698371154767,10099.290012316336
2025-09-08 10:16:00+00:00,1.0,499.3,19743.0,-5.57,2.36,-1.85,6.33,0.41697999957400006,-1.85,-923.705,2.2356417586909343,10208.663195914234
2025-09-08 10:17:00+00:00,1.16,500.6,16498.0,-5.37,2.31,-2.2,6.24,0.48621882807776007,-2.2,-1101.3200000000002,2.3318090810196264,10759.736490334853
2025-09-08 10:18:00+00:00,1.16,506.0,20321.0,-4.91,3.19,-2.29,6.29,0.496765143776,-2.29,-1158.74,2.1934140735958265,10060.715962164417
2025-09-08 10:19:00+00:00,1.47,508.6,17139.0,-4.75,3.21,-2.46,6.23,0.6360073562791201,-2.46,-1251.156,2.224682818872686,10278.613780323456
2025-09-08 10:20:00+00:00,1.35,507.8,18201.0,-4.98,3.34,-1.89,6.29,0.5822523553284,-1.89,-959.742,2.0857407850945475,9343.966031240998
2025-09-08 10:21:00+00:00,1.59,506.7,16088.0,-4.96,3.43,-1.7,6.27,0.68279608979226,-1.7,-861.39,2.030939277247387,8897.330366549304
2025-09-08 10:22:00+00:00,1.3,512.0,18955.0,-5.23,2.82,-1.97,6.27,0.57000067072,-1.97,-1008.64,2.1805696837085033,10108.485299860893
2025-09-08 10:23:00+00:00,1.53,505.1,14011.0,-5.42,2.54,-1.95,6.29,0.6528873594187801,-1.95,-984.945,2.225539935045299,10255.474967232489
2025-09-08 10:24:00+00:00,0.79,502.4,22970.0,-5.37,2.06,-2.24,6.17,0.33351736059904,-2.24,-1125.376,2.3980305303061247,11125.082960378493
2025-09-08 10:25:00+00:00,0.78,502.3,23122.0,-5.05,2.2,-2.73,6.15,0.32916454588212,-2.73,-1371.279,2.4632882520620125,11462.455730368596
2025-09-08 10:26:00+00:00,0.82,510.0,30667.0,-4.66,2.34,-2.09,5.62,0.3567354732,-2.09,-1065.8999999999999,2.2998208757813456,10096.262160863662
2025-09-08 10:27:00+00:00,0.92,522.0,28713.0,-4.15,4.14,1.55,6.07,0.41929619932800005,0.0,809.1,1.212555177258524,3121.0801179032665
2025-09-08 10:28:00+00:00,1.26,513.0,29936.0,-5.07,3.4,0.1,6.1,0.5546223514440001,0.0,51.300000000000004,1.5413930385908916,5228.663156393286
2025-09-08 10:29:00+00:00,1.4,505.4,34229.0,-5.4,2.85,-0.72,6.15,0.5981231382223999,-0.72,-363.888,1.8182502323913747,7182.1290081420275
2025-09-08 10:30:00+00:00,1.49,506.7,31026.0,-5.36,2.99,-0.56,6.17,0.63985293949086,-0.56,-283.752,1.755942338182674,6755.6057581391915
2025-09-08 10:31:00+00:00,1.19,512.3,36595.0,-4.73,3.89,0.77,6.17,0.5223814729082599,0.0,394.47099999999995,1.3753790037314175,4103.642973644357
2025-09-08 10:32:00+00:00,0.64,512.0,58873.0,-5.23,1.05,-1.78,5.63,0.280615714816,-1.78,-911.36,2.608641894110172,11778.346645062911
2025-09-08 10:33:00+00:00,0.25,506.9,56715.0,-5.52,0.03,-3.08,6.32,0.1074426431215,-3.08,-1561.252,3.131852701860117,13815.31231059385
2025-09-08 10:34:00+00:00,0.1,506.0,50881.0,-5.72,0.41,-2.71,6.34,0.04282458136000001,-2.71,-1371.26,2.9914398526014754,13708.605402965855
2025-09-08 10:35:00+00:00,0.29,503.1,87734.0,-5.88,0.95,-2.31,6.39,0.12277182876894001,-2.31,-1162.161,2.751421149934253,13092.633286064405
2025-09-08 10:36:00+00:00,0.38,496.5,45615.0,-5.79,1.27,-2.45,6.41,0.15668022795300002,-2.45,-1216.4250000000002,2.6633593691187096,12561.318065201158
2025-09-08 10:37:00+00:00,0.33,504.1,70986.0,-5.74,1.57,-2.28,6.37,0.14026180621398004,-2.28,-1149.348,2.538561121545697,12189.551192525301
2025-09-08 10:38:00+00:00,0.39,504.5,72517.0,-5.61,1.93,-2.25,6.35,0.1660271223585,-2.25,-1135.125,2.432600483198174,11605.162762437407
2025-09-08 10:39:00+00:00,0.92,502.6,28674.0,-5.6,2.23,-2.02,6.36,0.38870926143392004,-2.02,-1015.2520000000001,2.3068228799916013,10797.354436877135
2025-09-08 10:40:00+00:00,0.83,498.5,30603.0,-5.54,2.21,-2.02,6.29,0.3449852365805,-2.02,-1006.97,2.311307403748873,10629.626227082614
2025-09-08 10:41:00+00:00,1.41,505.3,20733.0,-4.59,3.76,-2.07,6.29,0.6021570863009401,-2.07,-1045.971,2.0740478259515758,9198.106814108785
2025-09-08 10:42:00+00:00,1.42,514.4,21092.0,-4.36,3.89,-2.25,6.27,0.62846682387712,-2.25,-1157.3999999999999,2.095186665667705,9555.626646776242
2025-09-08 10:43:00+00:00,1.49,515.0,19164.0,-4.32,3.59,-2.75,6.26,0.66098684915,-2.75,-1416.25,2.224469574777039,10483.483607417807
2025-09-08 10:44:00+00:00,1.44,520.7,18894.0,-4.15,3.16,-3.39,6.22,0.6530248978185601,-3.39,-1765.1730000000002,2.3912945722838423,11690.387192459471
2025-09-08 10:45:00+00:00,0.72,524.0,32525.0,-4.26,2.69,-2.97,5.85,0.330664188672,-2.97,-1556.2800000000002,2.4056241584344766,11401.557281505009
2025-09-08 10:46:00+00:00,0.32,511.0,23317.0,-4.88,3.82,0.33,6.21,0.139760315072,0.0,168.63,1.4846228321618682,4858.119120720474
2025-09-08 10:47:00+00:00,1.21,511.2,58794.0,-4.97,3.66,-0.68,6.21,0.52888244644224,-0.68,-347.61600000000004,1.7544941132719116,6854.227842692168
2025-09-08 10:48:00+00:00,1.73,513.2,69149.0,-5.04,3.39,-1.33,6.22,0.7620991741155202,-1.33,-682.5560000000002,1.944673530237185,8352.359418275713
2025-09-08 10:49:00+00:00,1.25,505.7,25253.0,-4.99,3.36,-1.36,6.17,0.5346727034675001,-1.36,-687.7520000000001,1.9554010416171101,8225.434000778008
2025-09-08 10:50:00+00:00,1.13,507.6,27989.0,-5.24,2.81,-1.72,6.19,0.48698295739488,-1.72,-873.072,2.1200651535817383,9484.760710090535
2025-09-08 10:51:00+00:00,1.0,507.2,42201.0,-5.05,2.94,-1.2,5.96,0.430279427584,-1.2,-608.64,1.9583201325751756,8090.689054468356
2025-09-08 10:52:00+00:00,0.77,507.9,42271.0,-4.81,3.8,0.0,6.13,0.33223030376381996,0.0,0.0,1.5707963267948966,5386.474471430545
2025-09-08 10:53:00+00:00,1.2,512.2,47804.0,-4.48,3.87,1.28,6.06,0.5265656037408001,0.0,655.6160000000001,1.2513731537662094,3270.473747350628
2025-09-08 10:54:00+00:00,0.87,513.4,38421.0,-4.6,3.99,0.22,6.09,0.38355095968872,0.0,112.948,1.5157142568388218,5044.930713201267
2025-09-08 10:55:00+00:00,1.04,513.9,39795.0,-4.78,3.8,0.8,6.16,0.45939119516784,0.0,411.12,1.3633001003596938,4035.8807942978287
2025-09-08 10:56:00+00:00,1.23,509.1,29309.0,-4.78,3.63,1.11,6.11,0.5332162766473801,0.0,565.1010000000001,1.2740405660171745,3399.5875727146836
2025-09-08 10:57:00+00:00,0.87,510.6,37169.0,-4.76,3.6,1.21,6.09,0.37937871920232,0.0,617.826,1.246547859192237,3238.5585774057613
2025-09-08 10:58:00+00:00,0.84,510.8,37900.0,-4.73,3.76,0.53,6.07,0.36658370453376005,0.0,270.72400000000005,1.4307614674310978,4412.681413303969
2025-09-08 10:59:00+00:00,0.84,510.8,37900.0,-4.85,3.62,0.52,6.07,0.36658370453376005,0.0,270.72400000000005,1.4281258771399825,4412.681413303969
2025-09-08 11:00:00+00:00,1.07,506.4,37521.0,-4.46,3.91,0.61,5.97,0.45894777017472,0.0,308.904,1.4160336490002539,4216.91933984429
2025-09-08 11:01:00+00:00,1.33,505.9,39287.0,-4.76,3.72,0.24,6.04,0.56934182906398,0.0,121.416,1.5063694873693432,4855.144089303271
2025-09-08 11:02:00+00:00,1.02,513.1,48854.0,-4.48,4.0,0.04,6.01,0.44915505678372014,0.0,20.524,1.5607966601082315,5316.913054945339
2025-09-08 11:03:00+00:00,1.08,511.7,49372.0,-4.79,3.67,0.14,6.03,0.47298425279112,0.0,71.638,1.5326676756499584,5109.208774152534
2025-09-08 11:04:00+00:00,1.07,510.4,48061.0,-4.67,3.74,-0.02,5.98,0.46622676480512,-0.02,-10.208,1.5761438694040473,5371.100710378086
2025-09-08 11:05:00+00:00,0.96,513.8,46899.0,-4.8,3.68,-0.44,6.06,0.4238883935462399,-0.44,-226.07199999999997,1.6897966201776766,6304.184286387329
2025-09-08 11:06:00+00:00,1.36,506.5,43986.0,-5.2,2.49,-1.4,5.93,0.583565891596,-1.4,-709.0999999999999,2.082995092981325,8934.172930811885
2025-09-08 11:07:00+00:00,0.96,502.4,55219.0,-4.94,3.5,-0.12,6.05,0.40528691920896,-0.12,-60.288,1.605068616145696,5504.347692235748
2025-09-08 11:08:00+00:00,0.87,508.0,44689.0,-4.85,3.5,-0.91,6.05,0.375524926368,-0.91,-462.28000000000003,1.8251643853481625,7204.186370437483
2025-09-08 11:09:00+00:00,1.29,502.5,43180.0,-5.73,1.99,-0.82,6.12,0.5448211203375001,-0.82,-412.04999999999995,1.9616560871917776,8157.561393025255
2025-09-08 11:10:00+00:00,1.3,496.3,50141.0,-5.25,2.66,-1.33,6.03,0.5355795612622001,-1.33,-660.0790000000001,2.0344439357957027,8456.826599098224
2025-09-08 11:11:00+00:00,1.26,502.2,39164.0,-5.35,2.28,-1.88,6.11,0.53151564738384,-1.88,-944.136,2.260335343082332,10207.790703966739
2025-09-08 11:12:00+00:00,0.72,506.9,67322.0,-4.89,1.98,-3.05,6.09,0.30943481218991997,-3.05,-1546.0449999999998,2.5657938682587207,12049.450415349824
2025-09-08 11:13:00+00:00,0.31,514.5,101421.0,-4.95,1.23,-3.37,6.12,0.13725385288650002,-3.37,-1733.865,2.79163089086399,13239.159517158045
2025-09-08 11:14:00+00:00,0.26,520.1,134731.0,-5.17,1.19,-2.98,6.09,0.11763570185276001,-2.98,-1549.8980000000001,2.76166498011653,13289.36866111869
2025-09-08 11:15:00+00:00,0.23,518.0,150394.0,-5.29,-0.06,-2.91,6.04,0.10322370615200001,-2.91,-1507.38,-3.1209770179641896,13795.457638407739
2025-09-08 11:16:00+00:00,1.19,511.0,62587.0,-4.86,1.48,-2.02,5.47,0.519733671674,-2.02,-1032.22,2.5092731873890473,11075.0991345354
2025-09-08 11:17:00+00:00,5.16,526.7,35940.0,-4.66,3.72,0.7,6.01,2.3942441270402406,0.0,368.69,1.3847992370007345,4248.377469253916
2025-09-08 11:18:00+00:00,3.48,522.4,46213.0,-4.55,4.03,0.67,6.11,1.5884650835404799,0.0,350.008,1.4060500638454694,4394.72796675077
2025-09-08 11:19:00+00:00,0.9,512.4,50014.0,-4.12,4.0,-0.59,5.77,0.39523267707839993,-0.59,-302.316,1.717240394482932,6277.148131236116
2025-09-08 11:20:00+00:00,1.38,513.2,74285.0,-4.59,4.0,0.36,6.1,0.6079172602771201,0.0,184.752,1.481038152604946,4803.020558419192
2025-09-08 11:21:00+00:00,1.29,511.9,61977.0,-4.75,3.59,-0.9,6.03,0.56539512798294,-0.9,-460.71,1.8164302978227156,7196.583367706976
2025-09-08 11:22:00+00:00,1.09,506.8,40948.0,-5.15,2.81,-1.56,6.07,0.46826511291616013,-1.56,-790.6080000000001,2.0775926250918704,9043.104379698701
2025-09-08 11:23:00+00:00,0.78,498.9,38024.0,-4.32,4.02,-0.35,5.91,0.32472348779988003,-0.35,-174.61499999999998,1.6576420076774252,5735.025665858657
2025-09-08 11:24:00+00:00,0.29,496.8,35523.0,-4.27,3.87,-1.24,5.9,0.11971629415296002,-1.24,-616.032,1.8808742596013925,7271.819537357222
2025-09-08 11:25:00+00:00,0.9,510.2,29493.0,-3.52,3.7,-2.98,5.91,0.39184608357359996,-2.98,-1520.396,2.2488245681567975,10122.34274885719
2025-09-08 11:26:00+00:00,2.07,532.5,40004.0,-2.43,4.54,-2.67,5.8,0.9817517003624999,-2.67,-1421.7749999999999,2.102424129132937,9552.82166778966
2025-09-08 11:27:00+00:00,1.29,537.7,30640.0,-2.6,4.01,-3.36,5.84,0.6238237078536601,-3.36,-1806.672,2.2682267159201173,10902.875576537082
2025-09-08 11:28:00+00:00,1.8,545.8,50088.0,-3.59,2.65,-3.65,5.77,0.8968744667951999,-3.65,-1992.1699999999998,2.513611362918936,12553.810001389389
2025-09-08 11:29:00+00:00,1.58,522.4,35426.0,-4.87,3.37,-0.72,5.96,0.72119966436608,-0.72,-376.128,1.7812816341501312,7068.578876771091
2025-09-08 11:30:00+00:00,1.31,505.0,32457.0,-5.22,2.7,-1.19,6.0,0.5587868076500001,-1.19,-600.9499999999999,1.9859236256703459,8279.155248747296
2025-09-08 11:31:00+00:00,1.27,502.4,32173.0,-5.08,3.03,-0.45,5.93,0.53616082020352,-0.45,-226.07999999999998,1.7182334909228347,6233.976920597755
2025-09-08 11:32:00+00:00,1.27,502.4,32173.0,-4.31,4.15,-0.56,6.0,0.53616082020352,-0.56,-226.07999999999998,1.704925891551627,6233.976920597755
2025-09-08 11:33:00+00:00,1.35,512.4,65596.0,-4.41,3.92,-0.81,5.96,0.5928490156176,-0.81,-415.044,1.7745612272634406,6838.821862320948
2025-09-08 11:34:00+00:00,1.41,510.6,45295.0,-4.52,3.69,-1.1,5.94,0.6148551656037601,-1.1,-561.6600000000001,1.8605118295003495,7426.241217353635
2025-09-08 11:35:00+00:00,1.15,517.2,32451.0,-3.25,4.67,1.47,5.87,0.5145255732816001,0.0,760.2840000000001,1.2658400589211987,3330.5766163795397
2025-09-08 11:36:00+00:00,0.91,532.8,40725.0,-2.91,4.82,1.8,5.91,0.43207776428544,0.0,959.04,1.2133905328378423,3155.9227521902635
2025-09-08 11:37:00+00:00,0.89,534.7,47819.0,-3.61,4.56,1.27,5.95,0.4256008310312601,0.0,679.0690000000001,1.299170973790043,3728.7583543211736
2025-09-08 11:38:00+00:00,0.74,518.3,45172.0,-4.42,4.14,0.64,6.09,0.33249585059035996,0.0,331.712,1.4174210457140917,4417.179673089646
2025-09-08 11:39:00+00:00,0.85,511.3,43664.0,-4.55,3.98,0.49,6.07,0.3716743611499,0.0,250.537,1.4482971915464868,4537.872058663804
2025-09-08 11:40:00+00:00,1.2,512.1,44032.0,-4.45,4.06,0.58,6.06,0.5263600144392,0.0,297.018,1.4288992721907328,4410.1656120861935
2025-09-08 11:41:00+00:00,1.42,516.1,41374.0,-3.64,4.74,-0.17,5.97,0.63262762879732,-0.17,-87.73700000000001,1.6066459398869604,5666.4712604375545
2025-09-08 11:42:00+00:00,1.27,533.7,39475.0,-2.66,5.27,-0.17,5.9,0.6050485423693801,-0.17,-90.72900000000001,1.6030432092301505,5851.931792501233
2025-09-08 11:43:00+00:00,0.76,541.1,34800.0,-2.31,5.39,-0.25,5.87,0.3721866168109601,-0.25,-135.275,1.6171452981173415,6048.509095099139
2025-09-08 11:44:00+00:00,0.65,553.7,30866.0,-2.33,5.37,-0.01,5.86,0.33331472193110007,-0.01,-5.537000000000001,1.5726585220352616,5879.4283100937055
2025-09-08 11:45:00+00:00,0.8,530.8,71684.0,-3.37,4.87,-0.61,5.95,0.3770022202112,-0.61,-323.78799999999995,1.6954040380408522,6547.085499148195
2025-09-08 11:46:00+00:00,0.82,522.6,50416.0,-3.85,4.43,-0.58,5.9,0.37458014688432,-0.58,-303.108,1.700981349680039,6418.47227352822
2025-09-08 11:47:00+00:00,1.37,510.4,44066.0,-4.14,3.09,1.68,5.43,0.59694454932992,0.0,857.472,1.0728110746615787,2103.6932723244668
2025-09-08 11:48:00+00:00,1.0,527.1,36336.0,-2.81,2.87,4.3,5.88,0.4647058341660001,0.0,2266.53,0.5885390841827944,511.289372619742
2025-09-08 11:49:00+00:00,0.75,535.4,38354.0,-3.39,3.83,3.0,5.93,0.359592056562,0.0,1606.1999999999998,0.9063278964164223,1574.1359149669975
2025-09-08 11:50:00+00:00,0.76,525.9,48936.0,-3.65,4.52,1.48,5.99,0.3515701759725601,0.0,778.332,1.2543648711697701,3380.068384690839
2025-09-08 11:51:00+00:00,1.14,516.3,45863.0,-3.73,4.62,0.29,5.94,0.5082778613271599,0.0,149.72699999999998,1.5081080113479788,4945.663197742574
2025-09-08 11:52:00+00:00,1.12,519.2,39425.0,-3.33,4.93,-0.09,5.95,0.5049861681356802,-0.09,-46.728,1.5890498773049924,5570.46644288809
2025-09-08 11:53:00+00:00,0.88,528.5,59025.0,-3.41,4.77,-0.98,5.94,0.41111634902800004,-0.98,-517.93,1.773427440901185,7102.112173680968
2025-09-08 11:54:00+00:00,1.06,529.5,77329.0,-3.79,4.61,0.0,5.97,0.49708411695900007,0.0,0.0,1.5707963267948966,5594.537369504599
2025-09-08 11:55:00+00:00,1.01,520.4,53199.0,-3.75,4.6,-0.33,5.95,0.45749678030816,-0.33,-171.732,1.6424127673157587,5980.999751851734
2025-09-08 11:56:00+00:00,1.94,518.2,40844.0,-3.6,4.74,-0.35,5.96,0.8713419829265602,-0.35,-181.37,1.644502227994518,5969.416223720727
2025-09-08 11:57:00+00:00,2.83,526.2,30799.0,-3.82,4.56,-0.62,5.98,1.3106303345095205,-0.62,-326.244,1.705932574760073,6573.796362309653
2025-09-08 11:58:00+00:00,1.19,527.8,61982.0,-4.41,3.94,-1.2,6.04,0.5544697092989599,-1.2,-633.3599999999999,1.8664391433339713,7894.741931531583
2025-09-08 11:59:00+00:00,1.52,510.6,58592.0,-4.27,3.91,-1.71,6.03,0.6628225898707202,-1.71,-873.126,1.983072594235032,8408.872614875443
2025-09-08 12:00:00+00:00,1.47,509.2,51057.0,-4.68,3.29,-1.98,6.05,0.63750884863008,-1.98,-1008.216,2.112555710140386,9327.769612623735
2025-09-08 12:01:00+00:00,1.34,507.6,36409.0,-4.18,3.47,-2.59,6.02,0.5774842149638402,-2.59,-1314.684,2.2119879708719603,9935.967692123217
2025-09-08 12:02:00+00:00,1.31,513.9,32940.0,-3.8,3.44,-3.03,5.96,0.5786562169902599,-3.03,-1557.1169999999997,2.29290971293474,10562.793021173218
2025-09-08 12:03:00+00:00,1.36,520.5,36489.0,-3.9,3.54,-2.8,5.97,0.6162720458040001,-2.8,-1457.3999999999999,2.2400009934021363,10406.868760778692
2025-09-08 12:04:00+00:00,1.38,522.0,37576.0,-3.86,3.28,-3.15,5.96,0.628944298992,-3.15,-1644.3,2.335979514833457,11060.657643472741
2025-09-08 12:05:00+00:00,1.38,522.0,37576.0,-4.24,2.97,-3.11,6.04,0.628944298992,-3.11,-1644.3,2.379216737672325,11060.657643472741
2025-09-08 12:06:00+00:00,1.13,508.8,30541.0,-4.62,2.62,-2.88,6.05,0.48928819894271997,-2.88,-1465.344,2.403432050981353,11198.539961133834
2025-09-08 12:07:00+00:00,0.95,504.5,47942.0,-5.1,2.31,-2.24,6.03,0.4044250416425,-2.24,-1130.0800000000002,2.34081108841175,10680.806044911786
2025-09-08 12:08:00+00:00,0.87,502.5,51137.0,-4.94,2.72,-2.2,6.06,0.3674374997625,-2.2,-1105.5,2.2508943606282967,10099.614784937972
2025-09-08 12:09:00+00:00,0.97,505.7,45154.0,-4.76,2.38,-2.9,6.06,0.41490601789078,-2.9,-1466.53,2.4543627687155762,11404.58298931484
2025-09-08 12:10:00+00:00,0.83,509.6,73253.0,-4.45,1.97,-3.58,6.04,0.36051971865728005,-3.58,-1824.3680000000002,2.6385350114440334,12396.593931419597
2025-09-08 12:11:00+00:00,0.55,511.1,84960.0,-4.9,1.62,-3.24,6.09,0.24030706757530007,-3.24,-1655.9640000000002,2.677945044588987,12677.003208682743
2025-09-08 12:12:00+00:00,0.48,501.7,71770.0,-5.18,0.71,-3.12,6.09,0.20207916183072,-3.12,-1565.304,2.9178390057738826,13073.96771369931
2025-09-08 12:13:00+00:00,0.29,523.3,201709.0,-5.11,-0.18,-3.18,6.02,0.13282858916606,-3.18,-1664.094,-3.085049216644976,13940.202284568308
2025-09-08 12:14:00+00:00,0.15,528.7,194489.0,-4.83,0.29,-3.37,5.89,0.07012969858410001,-3.37,-1781.7190000000003,3.0557507162616226,13908.774544653013
2025-09-08 12:15:00+00:00,0.26,523.1,178231.0,-4.76,0.41,-3.47,5.9,0.11899668978236003,-3.47,-1815.1570000000002,3.023982320701844,13698.638278809158
2025-09-08 12:16:00+00:00,0.25,520.7,191038.0,-4.79,0.49,-3.38,5.89,0.11337237809350002,-3.38,-1759.9660000000001,2.9976252085691475,13568.251517779794
2025-09-08 12:17:00+00:00,0.36,511.3,138436.0,-5.05,1.14,-3.09,6.03,0.15741502354584,-3.09,-1579.917,2.7881524232381203,12989.735998407039
2025-09-08 12:18:00+00:00,0.71,503.4,97259.0,-5.34,2.55,-1.51,6.11,0.30093788443176,-1.51,-760.134,2.1054288546293787,9197.267011429549
2025-09-08 12:19:00+00:00,1.36,499.5,48320.0,-5.04,3.02,-1.51,6.07,0.567547200684,-1.51,-754.245,2.0344439357957027,8567.286719372045
2025-09-08 12:20:00+00:00,1.48,506.5,35516.0,-4.44,3.35,-2.26,6.0,0.635056999678,-2.26,-1144.6899999999998,2.164289609550666,9565.880399499834
2025-09-08 12:21:00+00:00,1.2,508.2,55014.0,-4.93,2.5,-2.4,6.02,0.5183733427488,-2.4,-1219.6799999999998,2.335789159505807,10742.853997086344
2025-09-08 12:22:00+00:00,1.21,508.1,60270.0,-4.89,2.38,-2.57,6.02,0.52248743713606,-2.57,-1305.817,2.394559494675633,11089.820513952429
2025-09-08 12:23:00+00:00,0.9,509.2,74596.0,-5.13,2.05,-1.98,5.87,0.3903115399776,-1.98,-1008.216,2.3388265096875402,10609.635151835
2025-09-08 12:24:00+00:00,0.9,506.3,71517.0,-5.1,2.74,-1.85,6.07,0.3858783889446,-1.85,-936.6550000000001,2.1646713460590696,9637.669713898933
2025-09-08 12:25:00+00:00,1.4,501.2,47452.0,-5.06,2.58,-2.09,6.06,0.5882233399616,-2.09,-1047.5079999999998,2.251651962329146,10069.6437500329
2025-09-08 12:26:00+00:00,1.27,495.5,39937.0,-5.31,2.68,-1.06,6.05,0.5215346060905,-1.06,-525.23,1.9474367437856925,7844.247348011444
2025-09-08 12:27:00+00:00,1.21,489.0,26901.0,-5.26,2.7,-1.16,6.03,0.483944079366,-1.16,-567.24,1.9765817678912343,7892.9846541840725
2025-09-08 12:28:00+00:00,1.81,498.5,44229.0,-5.55,1.83,-1.42,6.02,0.7523172026635,-1.42,-707.87,2.2307035627755885,9819.876214663522
2025-09-08 12:29:00+00:00,1.25,494.1,55389.0,-5.69,1.91,-0.68,6.04,0.5104248540075002,-0.68,-335.98800000000006,1.9128249125343562,7560.53345885157
2025-09-08 12:30:00+00:00,1.08,493.9,68823.0,-5.27,1.79,-2.1,5.95,0.44065012764168004,-2.1,-1037.19,2.4357179468450094,10818.916416608268
2025-09-08 12:31:00+00:00,0.37,506.6,88767.0,-5.36,2.18,-0.48,5.81,0.15882694682872003,-0.48,-243.168,1.7875216405196366,6715.550664363105
2025-09-08 12:32:00+00:00,1.5,494.1,57466.0,-5.62,1.76,1.34,6.04,0.6125098248090002,0.0,662.094,0.920062071090453,1486.1735578395892
2025-09-08 12:33:00+00:00,1.38,496.3,74825.0,-5.43,1.5,2.08,6.01,0.5685383034937199,0.0,1032.304,0.6247825465016099,558.7372180045032
2025-09-08 12:34:00+00:00,0.63,487.5,56648.0,-5.51,1.56,1.73,5.98,0.25042742156250003,0.0,843.375,0.7337723446338857,821.1416904157629
2025-09-08 12:35:00+00:00,1.12,489.1,43734.0,-5.45,1.72,1.85,6.01,0.4481314673987201,0.0,904.835,0.7489996802656593,871.8708385731446
2025-09-08 12:36:00+00:00,1.03,501.2,67518.0,-5.17,1.86,2.33,5.97,0.43276431440032004,0.0,1167.796,0.6736932736702471,684.1725743957206
2025-09-08 12:37:00+00:00,0.93,505.7,77952.0,-5.47,2.08,1.6,6.06,0.39779649137982004,0.0,809.12,0.9151007005533605,1515.8205708460637
2025-09-08 12:38:00+00:00,0.93,505.7,77952.0,-5.5,2.09,1.36,6.04,0.39779649137982004,0.0,809.12,0.993916735029266,1515.8205708460637
2025-09-08 12:39:00+00:00,0.93,505.7,77952.0,-5.41,1.87,1.91,6.04,0.39779649137982004,0.0,809.12,0.7748165477763724,1515.8205708460637
2025-09-08 12:40:00+00:00,1.44,492.7,55563.0,-5.55,1.89,1.31,6.01,0.5846819801097599,0.0,645.437,0.9647016082399009,1658.5649111295393
2025-09-08 12:41:00+00:00,0.96,489.1,69737.0,-5.23,2.12,1.19,5.77,0.38411268634176005,0.0,582.029,1.0593031243665167,2007.356804944526
2025-09-08 12:42:00+00:00,1.57,498.4,85507.0,-4.93,2.25,2.53,5.98,0.65230065131392,0.0,1260.9519999999998,0.7268876190677807,825.6476946569186
2025-09-08 12:43:00+00:00,3.69,515.2,46682.0,-5.46,2.6,0.69,6.08,1.6382122431897603,0.0,355.488,1.3113912524830724,3677.622535403599
2025-09-08 12:44:00+00:00,1.56,499.2,64552.0,-5.21,2.34,1.79,5.98,0.65022826512384,0.0,893.568,0.9177910914131365,1487.536098794688
2025-09-08 12:45:00+00:00,1.24,512.8,65056.0,-5.27,2.43,2.08,6.17,0.54539331529216,0.0,1066.624,0.8628482505618913,1350.1464885573357
2025-09-08 12:46:00+00:00,1.28,494.4,38656.0,-5.63,1.82,1.77,6.17,0.52330994270208,0.0,875.088,0.7993248395589303,1061.239315578138
2025-09-08 12:47:00+00:00,1.71,490.0,73809.0,-5.09,2.89,1.81,6.13,0.6867210546,0.0,886.9,1.01126446587149,1872.1991787706631
2025-09-08 12:48:00+00:00,0.71,507.3,53165.0,-4.9,2.94,2.13,6.1,0.30561887012634004,0.0,1080.549,0.943822638604333,1650.2820675027547
2025-09-08 12:49:00+00:00,0.75,501.8,49750.0,-5.73,1.39,0.86,5.95,0.31587457441800004,0.0,431.548,1.016736539282854,1919.5852091667382
2025-09-08 12:50:00+00:00,1.24,489.0,57682.0,-5.91,1.41,0.88,6.14,0.49594269290400006,0.0,430.32,1.01283476646691,1876.2119732308938
2025-09-08 12:51:00+00:00,1.48,487.8,52000.0,-5.73,1.94,0.91,6.12,0.58902998008032,0.0,443.898,1.132195670812087,2439.699666285303
2025-09-08 12:52:00+00:00,1.45,489.6,68938.0,-5.79,1.71,1.04,6.12,0.5813570092032001,0.0,509.184,1.0243786122571388,1927.602413807278
2025-09-08 12:53:00+00:00,1.53,488.7,63072.0,-5.9,1.49,1.09,6.19,0.61117868726982,0.0,532.683,0.9392123136304886,1566.473200623272
2025-09-08 12:54:00+00:00,1.52,489.1,63600.0,-5.97,1.09,1.39,6.23,0.6081784200411201,0.0,679.8489999999999,0.665015342596889,659.0327070224542
2025-09-08 12:55:00+00:00,1.55,488.6,62104.0,-5.98,1.07,1.24,6.2,0.6189145831988001,0.0,605.864,0.7119375183038742,781.1510659225947
2025-09-08 12:56:00+00:00,1.48,487.4,49551.0,-5.75,1.94,0.74,6.11,0.5880643573244799,0.0,360.676,1.206388737649694,2827.0053453607416
2025-09-08 12:57:00+00:00,1.45,487.4,55445.0,-5.75,1.96,0.92,6.15,0.5761441338651999,0.0,448.408,1.13193702783139,2443.6636014783203
2025-09-08 12:58:00+00:00,1.66,488.5,70944.0,-5.74,2.26,0.04,6.17,0.662566260241,0.0,19.54,1.5530990595371263,5015.303508076233
2025-09-08 12:59:00+00:00,1.62,492.0,56938.0,-5.49,2.65,-0.83,6.16,0.655899519168,-0.83,-408.35999999999996,1.8743256633942849,7340.581700529423
2025-09-08 13:00:00+00:00,1.54,494.1,52264.0,-5.17,3.26,-0.4,6.12,0.62884342013724,-0.4,-197.64000000000001,1.6928854641921947,6045.433895119367
2025-09-08 13:01:00+00:00,1.38,496.4,52416.0,-5.04,3.42,0.31,6.1,0.5687674373164799,0.0,153.884,1.4804000831419581,4590.25616856089
2025-09-08 13:02:00+00:00,1.02,504.0,55620.0,-4.85,3.7,0.29,6.11,0.43336450483200006,0.0,146.16,1.4925778566622774,4772.899428419167
2025-09-08 13:03:00+00:00,1.28,499.8,57045.0,-5.23,3.11,0.38,6.09,0.5348039000371201,0.0,189.924,1.4492125048852673,4418.0530563948505
2025-09-08 13:04:00+00:00,0.99,498.3,65657.0,-5.26,3.08,0.44,6.11,0.41115829967586004,0.0,219.252,1.4288992721907328,4275.780848551517
2025-09-08 13:05:00+00:00,2.15,506.8,81491.0,-4.97,3.48,1.2,6.19,0.9236421952016001,0.0,608.16,1.2387368592520112,3194.653642134448
2025-09-08 13:06:00+00:00,1.3,500.8,69967.0,-5.2,3.05,1.23,6.15,0.5453358956032001,0.0,615.984,1.1874666934909073,2836.951356871065
2025-09-08 13:07:00+00:00,1.24,491.9,44555.0,-5.44,2.89,0.71,6.2,0.50184248231464,0.0,349.24899999999997,1.3298926207377235,3615.9494365258242
2025-09-08 13:08:00+00:00,1.29,491.3,44870.0,-5.06,1.79,2.83,6.07,0.52080522303126,0.0,1390.3790000000001,0.5639807132214264,425.75192453525636
2025-09-08 13:09:00+00:00,1.02,497.9,44519.0,-5.24,1.91,2.62,6.16,0.42293781448932,0.0,1304.498,0.6299300727776885,582.6365311455911
2025-09-08 13:10:00+00:00,0.87,501.2,42902.0,-5.71,2.22,1.1,6.22,0.36553878983328003,0.0,551.32,1.1107588104140904,2443.1704585689945
2025-09-08 13:11:00+00:00,0.87,501.2,42902.0,-5.97,1.75,0.84,6.28,0.36553878983328003,0.0,551.32,1.1232763516377267,2443.1704585689945
2025-09-08 13:12:00+00:00,0.87,501.2,42902.0,-6.18,1.03,0.96,6.34,0.36553878983328003,0.0,551.32,0.8205595453524767,2443.1704585689945
2025-09-08 13:13:00+00:00,1.48,487.0,65494.0,-6.3,1.07,0.3,6.39,0.587099526712,0.0,146.1,1.2974410032714612,3441.848943588185
2025-09-08 13:14:00+00:00,1.22,486.8,71356.0,-6.27,0.85,-0.51,6.35,0.48356299886528004,-0.51,-248.268,2.1112158270654806,9063.598580440248
2025-09-08 13:15:00+00:00,0.71,490.4,112531.0,-6.16,0.68,-0.77,6.24,0.28559550263936,-0.77,-377.608,2.418183931386865,10966.129894808459
2025-09-08 13:16:00+00:00,0.72,491.4,129690.0,-6.13,0.73,-0.83,6.23,0.29080032875712,-0.83,-407.86199999999997,2.420209468026689,10995.416919344476
2025-09-08 13:17:00+00:00,0.97,489.3,113233.0,-5.9,1.64,-0.93,6.19,0.38843133569478006,-0.93,-455.04900000000004,2.0866529792218658,8804.590008474308
2025-09-08 13:18:00+00:00,1.09,489.8,73890.0,-5.94,1.03,-1.3,6.17,0.4373772120613601,-1.3,-636.74,2.471559774508282,11150.742170705524
2025-09-08 13:19:00+00:00,0.34,483.3,112110.0,-5.99,1.12,-1.1,6.2,0.13283257748076002,-1.1,-531.6300000000001,2.347185724901928,10312.165399684536
2025-09-08 13:20:00+00:00,1.62,500.0,88235.0,-6.04,0.84,-1.26,6.23,0.6774030000000001,-1.26,-630.0,2.5535900500422257,11953.504020341714
2025-09-08 13:21:00+00:00,1.11,493.1,118947.0,-5.83,0.45,-2.15,6.23,0.4514244486594601,-2.15,-1060.165,2.935268759560076,13003.646829508774
2025-09-08 13:22:00+00:00,0.44,507.2,197123.0,-5.79,-0.14,-1.91,6.1,0.18932294813696002,-1.91,-968.752,-3.0684250719022432,13479.80818928839
2025-09-08 13:23:00+00:00,0.3,514.5,257391.0,-5.8,-0.68,-1.7,6.09,0.132826309245,-1.7,-874.65,-2.761086276477428,13096.982031204467
2025-09-08 13:24:00+00:00,0.26,515.0,245876.0,-5.88,-0.64,-1.92,6.22,0.11533998710000001,-1.92,-988.8,-2.819842099193151,13486.05473966791
2025-09-08 13:25:00+00:00,0.23,525.0,269481.0,-5.81,-0.34,-2.46,6.32,0.10603238625000001,-2.46,-1291.5,-3.0042513761228595,14386.583245638385
2025-09-08 13:26:00+00:00,0.17,523.9,209922.0,-5.77,-0.78,-2.35,6.28,0.07804369279382,-2.35,-1231.165,-2.8211192377069514,13890.112131416818
2025-09-08 13:27:00+00:00,0.18,529.4,250952.0,-5.88,-0.99,-1.97,6.28,0.08437863033647999,-1.97,-1042.918,-2.6759166498049347,13552.029464250987
2025-09-08 13:28:00+00:00,0.19,555.0,237409.0,-5.48,-0.3,-2.66,6.1,0.09788849685000002,-2.66,-1476.3000000000002,-3.0292852688972176,15162.94858792807
2025-09-08 13:29:00+00:00,0.3,546.1,131677.0,-5.88,0.43,-1.95,6.21,0.14964344587380002,-1.95,-1064.895,2.924553255431535,14845.377154310188
2025-09-08 13:30:00+00:00,0.44,507.3,189071.0,-5.92,0.27,-1.78,6.19,0.18939760965576002,-1.78,-902.994,2.99105480854309,13537.231981192528
2025-09-08 13:31:00+00:00,0.21,524.9,243012.0,-5.83,-0.69,-2.15,6.25,0.09677530143245999,-2.15,-1128.5349999999999,-2.831046112149428,13910.347570012382
2025-09-08 13:32:00+00:00,0.18,522.9,210099.0,-5.78,-0.59,-2.11,6.18,0.08231934026987998,-2.11,-1103.319,-2.868935567928817,13838.475406050296
2025-09-08 13:33:00+00:00,0.17,483.5,38683.0,-5.76,-0.13,-2.37,6.23,0.0664712691095,-2.37,-1145.895,-3.0867952466166777,12835.69102796647
2025-09-08 13:34:00+00:00,0.2,503.8,151999.0,-5.94,-0.52,-1.76,6.22,0.08490600646880002,-1.76,-886.688,-2.854311200192659,13189.114201795885
2025-09-08 13:35:00+00:00,0.15,477.3,18405.0,-6.07,-0.53,-1.38,6.24,0.0571565781081,-1.38,-658.674,-2.774904492390017,12085.644699448334
2025-09-08 13:36:00+00:00,0.46,495.7,189958.0,-6.2,-0.4,-0.75,6.26,0.18905482333204002,-0.75,-371.775,-2.651635327336065,12290.499374902225
2025-09-08 13:37:00+00:00,0.8,488.9,107463.0,-6.07,-1.18,0.69,6.23,0.31983217683680004,0.0,337.34099999999995,-1.0416686928706258,2027.5696271723457
2025-09-08 13:38:00+00:00,1.77,492.8,50983.0,-4.52,-1.5,-1.77,5.07,0.7189633580236802,-1.77,-872.2560000000001,-2.4385764207840355,9708.713888760563
2025-09-08 13:39:00+00:00,0.44,560.5,136233.0,-4.07,-1.42,-3.97,5.86,0.231204351026,-3.97,-2225.185,-2.7980900916357583,14438.869957828836
2025-09-08 13:40:00+00:00,0.09,569.4,95246.0,-4.14,-0.06,-4.32,5.99,0.048805585536239995,-4.32,-2459.808,-3.127704657658826,15564.908670151895
2025-09-08 13:41:00+00:00,0.13,564.9,73847.0,-4.0,-0.34,-4.4,5.96,0.06938707723038,-4.4,-2485.56,-3.064473178044823,15320.222865137142
2025-09-08 13:42:00+00:00,0.13,563.8,87080.0,-4.36,-0.4,-4.14,6.02,0.06911711273271999,-4.14,-2334.1319999999996,-3.0452732708716272,15365.765184203385
2025-09-08 13:43:00+00:00,0.13,563.2,94583.0,-4.05,-0.96,-4.31,5.99,0.06897008115712001,-4.31,-2427.392,-2.922432427971539,15096.196974936704
2025-09-08 13:44:00+00:00,0.13,563.2,94583.0,-4.47,-0.57,-4.08,6.08,0.06897008115712001,-4.08,-2427.392,-3.0027851875071914,15096.196974936704
2025-09-08 13:45:00+00:00,0.13,563.2,94583.0,-5.06,-0.85,-3.29,6.1,0.06897008115712001,-3.29,-2427.392,-2.888762617178959,15096.196974936704
2025-09-08 13:46:00+00:00,0.12,598.2,516896.0,-5.31,-1.19,-2.77,6.11,0.07182343238688,-2.77,-1657.0140000000001,-2.7358297873856565,15940.041112676661
2025-09-08 13:47:00+00:00,0.06,659.8,1014832.0,-4.68,-1.56,-3.44,6.02,0.043688583630239995,-3.44,-2269.712,-2.7158415844278254,17885.70840925451
2025-09-08 13:48:00+00:00,0.05,550.0,102123.0,-4.59,-1.38,-3.45,5.91,0.025298075000000003,-3.45,-1897.5,-2.761086276477428,14032.049380648237
2025-09-08 13:49:00+00:00,0.13,519.7,27597.0,-5.68,-0.83,-1.62,5.96,0.05872741411342001,-1.62,-841.9140000000001,-2.668117351171067,12737.186283836949
2025-09-08 13:50:00+00:00,0.14,478.8,39473.0,-5.82,-0.57,-1.26,5.98,0.05368196586816001,-1.26,-603.288,-2.716760490670451,11614.840974723465
2025-09-08 13:51:00+00:00,0.33,503.3,234483.0,-5.94,0.24,-1.06,6.04,0.13981697222262002,-1.06,-533.498,2.9189317129534285,13059.759789401089
2025-09-08 13:52:00+00:00,0.63,494.3,163477.0,-5.88,-0.41,-1.74,6.15,0.25746242934762004,-1.74,-860.082,-2.910181678909655,12886.487530386443
2025-09-08 13:53:00+00:00,0.35,551.7,215774.0,-5.8,-0.23,-1.88,6.1,0.17818293353490003,-1.88,-1037.1960000000001,-3.019857168441126,15031.784102092515
2025-09-08 13:54:00+00:00,0.21,519.0,110749.0,-5.31,-1.5,-2.56,6.09,0.094611973806,-2.56,-1328.64,-2.611577402166,12651.71649500029
2025-09-08 13:55:00+00:00,0.15,558.2,96324.0,-4.99,-2.2,-2.64,6.06,0.0781741226436,-2.64,-1473.6480000000001,-2.44685437739309,12963.144091632137
2025-09-08 13:56:00+00:00,0.07,557.8,127905.0,-5.06,-2.12,-2.59,6.07,0.03642899182888,-2.59,-1444.7019999999998,-2.4556529261635847,13019.807679396574
2025-09-08 13:57:00+00:00,0.65,508.9,100692.0,-6.21,0.61,-1.29,6.37,0.2815596073199,-1.29,-656.481,2.6998850971809496,13075.525667955724
2025-09-08 13:58:00+00:00,0.46,503.2,49961.0,-5.94,-0.8,-1.71,6.23,0.19481894581504003,-1.71,-860.472,-2.7040054940711635,12706.782026850398
2025-09-08 13:59:00+00:00,0.11,530.1,106540.0,-5.85,-1.14,-1.84,6.24,0.051701171755860004,-1.84,-975.3840000000001,-2.586911045920473,13106.209732775706
2025-09-08 14:00:00+00:00,0.14,515.1,115773.0,-5.91,-1.22,-1.57,6.24,0.06213026813364001,-1.57,-808.7070000000001,-2.480990596311731,12067.589309527426
2025-09-08 14:01:00+00:00,0.18,493.2,97960.0,-5.78,-1.51,-1.42,6.14,0.07323365898432,-1.42,-700.3439999999999,-2.3254874217622827,10397.400282559236
2025-09-08 14:02:00+00:00,0.18,502.5,141555.0,-5.62,-1.96,-1.13,6.06,0.076021551675,-1.13,-567.8249999999999,-2.093780141499074,9044.249238734055
2025-09-08 14:03:00+00:00,0.13,487.2,66828.0,-5.65,-2.03,-0.81,6.06,0.05161191864192,-0.81,-394.632,-1.950453086439646,7698.9792010978845
2025-09-08 14:04:00+00:00,0.18,520.7,192583.0,-5.29,-2.42,-1.53,6.01,0.08162811222732001,-1.53,-796.671,-2.1345788611781593,9725.375207641902
2025-09-08 14:05:00+00:00,0.15,555.0,234464.0,-5.44,-2.32,-1.78,6.17,0.07728039225,-1.78,-987.9,-2.225240911153658,11477.506964888315
2025-09-08 14:06:00+00:00,0.15,528.1,237863.0,-5.53,-1.56,-2.0,6.09,0.0699706142529,-2.0,-1056.2,-2.479166359756642,12264.384665162379
2025-09-08 14:07:00+00:00,0.15,520.7,252562.0,-5.46,-1.81,-2.15,6.14,0.06802342685610001,-2.15,-1119.505,-2.4418430298228717,11890.034230707548
2025-09-08 14:08:00+00:00,0.11,514.1,108547.0,-5.43,-2.61,-0.82,6.08,0.04862728085666,-0.82,-421.562,-1.8752075786333855,7722.609548663522
2025-09-08 14:09:00+00:00,0.11,513.9,106106.0,-5.27,-2.0,-0.42,5.66,0.04858945333506,-0.42,-215.838,-1.7777885210147177,6656.414349670089
2025-09-08 14:10:00+00:00,0.39,510.8,202915.0,-5.52,-2.19,0.29,5.94,0.17019957710496003,0.0,148.132,-1.439142191804438,4405.506222080024
2025-09-08 14:11:00+00:00,0.9,496.3,114084.0,-5.4,-2.25,-0.28,5.86,0.3707858501046,-0.28,-138.96400000000003,-1.6946042754443675,5919.850076258467
2025-09-08 14:12:00+00:00,0.71,496.4,88003.0,-5.23,-2.85,-0.28,5.96,0.29262672499616,-0.28,-138.99200000000002,-1.6687276634523007,5806.542273548559
2025-09-08 14:13:00+00:00,0.56,498.5,112642.0,-5.29,-2.67,0.53,5.95,0.23276112347600003,0.0,264.20500000000004,-1.3748416881379772,3858.9247821500476
2025-09-08 14:14:00+00:00,0.5,503.1,131538.0,-5.19,-2.79,0.28,5.9,0.211675566843,0.0,140.86800000000002,-1.4707728127146558,4506.2564272409345
2025-09-08 14:15:00+00:00,0.46,506.2,135330.0,-5.36,-2.9,0.95,6.17,0.19714883078224002,0.0,480.89,-1.254227073182493,3275.5148896895826
2025-09-08 14:16:00+00:00,0.46,506.2,135330.0,-5.36,-1.42,-1.25,5.69,0.19714883078224002,-1.25,480.89,-2.292609907817055,3275.5148896895826
2025-09-08 14:17:00+00:00,0.21,529.5,239747.0,-5.54,-0.93,-2.11,6.0,0.0984789288315,-2.11,-1117.245,-2.7264506568293707,13349.295742106104
2025-09-08 14:18:00+00:00,0.24,524.5,243379.0,-5.47,-0.45,-2.43,6.01,0.110431842756,-2.43,-1274.535,-2.958481836327309,13826.627804721718
2025-09-08 14:19:00+00:00,0.27,516.6,253155.0,-5.59,-0.87,-2.02,6.01,0.12052153664712001,-2.02,-1043.5320000000002,-2.734909824443716,12962.21506633055
2025-09-08 14:20:00+00:00,0.26,520.6,253404.0,-5.78,-1.21,-0.85,5.96,0.11786198957936003,-0.85,-442.51,-2.183184339515183,10010.108529812038
2025-09-08 14:21:00+00:00,0.45,498.1,218511.0,-5.95,-1.26,0.27,6.09,0.18674014413870002,0.0,134.48700000000002,-1.35970299357215,3819.220918037624
2025-09-08 14:22:00+00:00,0.77,488.9,147542.0,-5.93,-0.95,-0.88,6.07,0.30783847020542,-0.88,-430.23199999999997,-2.3179617637567436,10154.079793802692
2025-09-08 14:23:00+00:00,0.35,507.8,249668.0,-5.83,-1.15,-0.91,6.01,0.15095431434440001,-0.91,-462.098,-2.2402125057120204,10115.997917270051
2025-09-08 14:24:00+00:00,0.49,497.3,191579.0,-6.03,0.38,-1.13,6.15,0.20268662489446,-1.13,-561.949,2.8171895855201465,12767.506309938333
2025-09-08 14:25:00+00:00,0.8,485.1,144136.0,-5.84,-0.57,-1.74,6.12,0.31487967514080006,-1.74,-844.0740000000001,-2.8250233999773897,12332.200059785628
2025-09-08 14:26:00+00:00,0.66,489.2,153919.0,-6.01,0.1,-1.3,6.15,0.26418546796224,-1.3,-635.96,3.064820762320015,12913.537635598064
2025-09-08 14:27:00+00:00,0.58,491.0,179721.0,-6.09,0.11,-1.17,6.21,0.233874606748,-1.17,-574.4699999999999,3.047851112045545,13048.59662987236
2025-09-08 14:28:00+00:00,0.56,491.1,174335.0,-6.06,0.42,-1.3,6.21,0.22590195412176006,-1.3,-638.4300000000001,2.8291010938552743,12669.515009874696
2025-09-08 14:29:00+00:00,0.63,490.1,174080.0,-6.12,-0.15,-1.11,6.22,0.25310577066138007,-1.11,-544.0110000000001,-3.0072712116368248,12990.504292916534
2025-09-08 14:30:00+00:00,0.54,494.5,196998.0,-6.11,-0.6,-1.02,6.23,0.22086069992100002,-1.02,-504.39,-2.609868586330988,12035.37264571627
2025-09-08 14:31:00+00:00,0.58,492.9,186175.0,-6.14,-0.48,-0.5,6.17,0.23568813634427999,-0.5,-246.45,-2.376599820878883,10723.420566488747
2025-09-08 14:32:00+00:00,0.74,488.3,152878.0,-6.18,-0.7,-0.13,6.23,0.29511906123836,-0.13,-63.479000000000006,-1.7544186529641768,6461.21728948108
2025-09-08 14:33:00+00:00,0.79,488.3,142701.0,-6.05,-1.05,0.05,6.14,0.3150595383490601,0.0,24.415000000000003,-1.5232132235179132,4794.775269639339
2025-09-08 14:34:00+00:00,0.96,486.0,126467.0,-6.07,-1.11,0.03,6.17,0.379258972416,0.0,14.58,-1.5437758776076318,4918.190892289923
2025-09-08 14:35:00+00:00,1.13,484.2,107947.0,-6.11,-0.9,-0.39,6.19,0.44311872868631996,-0.39,-188.838,-1.979704155745822,7948.779006615279
2025-09-08 14:36:00+00:00,0.59,488.8,167282.0,-5.99,-1.02,-0.8,6.13,0.23577974765695997,-0.8,-391.04,-2.2358990132643908,9714.908650467456
2025-09-08 14:37:00+00:00,0.68,488.9,147174.0,-5.94,-1.35,0.3,6.1,0.27185735031128,0.0,146.67,-1.3521273809209546,3683.0452539950957
2025-09-08 14:38:00+00:00,0.72,489.9,147554.0,-5.97,-1.27,-0.4,6.12,0.28902770058671995,-0.4,-195.96,-1.8759213347918609,7278.563595038046
2025-09-08 14:39:00+00:00,0.63,491.6,167236.0,-6.02,-1.05,-0.3,6.11,0.2546574525532801,-0.3,-147.48,-1.849095985800008,7112.52092374432
2025-09-08 14:40:00+00:00,0.5,495.1,191767.0,-5.92,-1.14,-0.17,6.03,0.20499720956300002,-0.17,-84.16700000000002,-1.7188282737569365,6186.26161545408
2025-09-08 14:41:00+00:00,0.73,488.3,144229.0,-5.97,-1.24,0.06,6.09,0.29113096581622,0.0,29.298,-1.5224469401429936,4763.6005467450295
2025-09-08 14:42:00+00:00,0.87,485.4,127973.0,-5.96,-1.21,0.36,6.1,0.34285531713191997,0.0,174.74399999999997,-1.2816157044103822,3230.371058960037
2025-09-08 14:43:00+00:00,0.73,489.7,137331.0,-5.95,-1.08,0.41,6.06,0.29280275627782,0.0,200.777,-1.2079729938078003,2837.9473161073247
2025-09-08 14:44:00+00:00,1.06,486.6,113287.0,-5.87,-1.3,1.05,6.1,0.4197997415793601,0.0,510.93000000000006,-0.8913825213870482,1355.007313383281
2025-09-08 14:45:00+00:00,0.65,476.5,102528.0,-4.83,-3.33,-0.56,5.89,0.24684893567750002,-0.56,-266.84000000000003,-1.7374055679226459,5910.702458446338
2025-09-08 14:46:00+00:00,0.33,474.9,102528.0,-4.91,-3.31,-0.81,5.98,0.12448309325958001,-0.81,-384.669,-1.810792824738861,6437.499076812162
2025-09-08 14:47:00+00:00,0.29,499.1,171599.0,-4.84,-3.55,-0.47,6.02,0.12082734429374002,-0.47,-234.577,-1.7024251798922525,6128.470187142237
2025-09-08 14:48:00+00:00,0.27,519.8,171599.0,-4.71,-3.74,-0.18,6.01,0.12201926564808001,-0.18,-93.564,-1.6188875601094483,5836.868349754605
2025-09-08 14:49:00+00:00,0.27,519.8,171599.0,-4.77,-3.64,0.03,6.01,0.12201926564808001,0.0,-93.564,-1.5625547551570138,5836.868349754605
2025-09-08 14:50:00+00:00,0.27,519.8,171599.0,-4.81,-3.5,0.09,5.95,0.12201926564808001,0.0,-93.564,-1.5450877064716075,5836.868349754605
2025-09-08 14:51:00+00:00,0.27,519.8,171599.0,-4.67,-3.58,-0.29,5.89,0.12201926564808001,-0.29,-93.564,-1.651625424075221,5836.868349754605
2025-09-08 14:52:00+00:00,1.08,497.0,86818.0,-5.26,-2.6,1.24,6.0,0.44619903367200003,0.0,616.28,-1.1257801020393552,2435.3175464443757
2025-09-08 14:53:00+00:00,1.11,497.6,82555.0,-4.39,-2.62,3.01,5.93,0.45970138753536005,0.0,1497.776,-0.7162368889793556,789.0179384077318
2025-09-08 14:54:00+00:00,1.35,502.5,50032.0,-4.65,-2.73,2.42,5.91,0.5701616375625,0.0,1216.05,-0.8455197945058718,1213.7175801368153
2025-09-08 14:55:00+00:00,1.56,501.4,45343.0,-4.56,-2.67,2.46,5.83,0.6559720725417599,0.0,1233.444,-0.8263109931728876,1132.026832733692
2025-09-08 14:56:00+00:00,0.98,491.6,95402.0,-5.4,-2.39,0.4,5.92,0.39613381508288004,0.0,196.64000000000001,-1.404969223432794,3961.488054517965
