time,density,speed,temperature,bx_gsm,by_gsm,bz_gsm,bt,pdyn_npa,bz_south,vbz,clock_angle_rad,newell_proxy
2026-10-01T07:45:00Z,9.085,302.81,42425.5,1.655,-2.94,4.62,5.720000000000001,1.398096320034702,0.0,1370.626,-0.5668309318447506,236.09003470242735
2026-10-01T07:46:00Z,9.040000000000001,301.9,42318.0,1.805,-3.3,4.32,5.734999999999999,1.3856988577721605,0.0,1253.085,-0.6524094424942737,366.8020468528366
2026-10-01T07:47:00Z,8.825,301.55,41837.5,1.77,-3.7649999999999997,4.074999999999999,5.825,1.3528235807059104,0.0,1236.935,-0.7456509633295731,402.8225732327155
2026-10-01T07:48:00Z,8.870000000000001,301.305,41785.5,1.695,-3.855,3.975,5.79,1.3546786787099356,0.0,1190.2060000000001,-0.7700049093265338,462.38450636982475
2026-10-01T07:49:00Z,8.98,301.73,42853.5,1.6,-4.095,3.74,5.755,1.3726866370530777,0.0,1121.6109999999999,-0.8306442158628105,590.0583510497604
2026-10-01T07:50:00Z,8.865,301.61,41383.5,1.7,-3.8899999999999997,3.955,5.8,1.3546373124927684,0.0,1177.96,-0.7771312846815932,497.4337058637337
2026-10-01T07:51:00Z,8.86,301.30499999999995,41103.0,1.675,-3.85,3.96,5.775,1.3526964510481363,0.0,1214.5949999999998,-0.7712917794695626,439.9573823921822
2026-10-01T07:52:00Z,8.895,301.375,41610.5,1.6400000000000001,-3.83,3.95,5.75,1.3590002607044578,0.0,1190.603,-0.7699663555314058,477.336466698101
2026-10-01T07:53:00Z,8.865,301.55,41803.0,1.7349999999999999,-4.074999999999999,3.755,5.8149999999999995,1.3511404415696804,0.0,1155.84,-0.8263566620451561,561.6711357409207
2026-10-01T07:54:00Z,8.92,301.15,42111.0,1.59,-4.195,3.725,5.83,1.3579814517566102,0.0,1143.762,-0.8447841936368217,593.6530071904726
2026-10-01T07:55:00Z,8.98,301.65,41756.0,1.62,-4.2,3.59,5.76,1.3690611663688803,0.0,1072.272,-0.8635556325569418,646.2216500338444
2026-10-01T07:56:00Z,9.065,301.255,42177.0,1.625,-4.165,3.465,5.66,1.3813804145570545,0.0,1011.674,-0.8770388658262285,671.070091588742
2026-10-01T07:57:00Z,9.145,301.09000000000003,41068.5,1.6099999999999999,-4.32,3.2800000000000002,5.654999999999999,1.3930796265231604,0.0,941.3720000000001,-0.9217275516522727,767.7289929573235
2026-10-01T07:58:00Z,9.120000000000001,301.38,41951.5,1.525,-4.275,3.3899999999999997,5.665,1.390871708140061,0.0,1033.032,-0.9001694814795311,654.7780681853823
2026-10-01T07:59:00Z,9.125,301.125,41474.0,1.555,-4.285,3.275,5.62,1.39063787605415,0.0,983.3439999999999,-0.9180224083913127,695.9882416549084
2026-10-01T08:00:00Z,9.365,300.885,41773.0,1.53,-4.38,3.08,5.574999999999999,1.4252969848740702,0.0,913.4749999999999,-0.9579198203606765,798.1767083443694
2026-10-01T08:01:00Z,9.295,301.225,42495.5,1.3399999999999999,-4.465,3.065,5.605,1.4222984467098374,0.0,852.15,-0.9698452164197602,901.2653730977341
2026-10-01T08:02:00Z,9.305,301.49,42560.5,1.185,-4.63,2.98,5.645,1.4240414426997223,0.0,881.1179999999999,-0.9989372511854242,905.782795832171
2026-10-01T08:03:00Z,9.44,301.31,41657.5,0.885,-4.710000000000001,2.84,5.595000000000001,1.4452279712041136,0.0,933.1920000000001,-1.0275757961334016,806.7659587629746
2026-10-01T08:04:00Z,9.355,301.605,42451.0,0.97,-4.79,2.73,5.609999999999999,1.4337439256080262,0.0,868.84,-1.052574670293366,919.9639545818646
2026-10-01T08:05:00Z,9.345,301.96000000000004,41603.0,1.175,-4.779999999999999,2.545,5.555,1.4314304867629954,0.0,803.136,-1.0817408071522292,1030.7136052547244
2026-10-01T08:06:00Z,9.29,301.8,42074.0,1.0550000000000002,-4.904999999999999,2.65,5.6899999999999995,1.4179770580352602,0.0,747.224,-1.0744926572652882,1214.9214831154197
2026-10-01T08:07:00Z,9.48,300.835,41581.0,1.185,-4.890000000000001,2.48,5.619999999999999,1.4424294445733992,0.0,712.5719999999999,-1.101035417372226,1207.9752056435725
2026-10-01T08:08:00Z,9.309999999999999,301.195,41184.0,1.23,-4.885,2.37,5.6,1.4226814109495458,0.0,799.131,-1.120493372569987,1065.8579869214134
2026-10-01T08:09:00Z,9.315000000000001,300.99,40964.5,0.75,-5.0600000000000005,2.38,5.645,1.419658248338255,0.0,787.4219999999999,-1.13186074534543,1115.2740202970099
2026-10-01T08:10:00Z,9.01,301.5,40613.5,0.555,-5.495,1.8450000000000002,5.835,1.37728034501446,0.0,555.1850000000001,-1.2468635446767988,1556.6999735384147
2026-10-01T08:11:00Z,8.879999999999999,301.64,40464.0,0.395,-5.555,1.83,5.865,1.3576633240963263,0.0,561.7479999999999,-1.2525985472415464,1580.8184173641985
2026-10-01T08:12:00Z,8.97,301.765,40939.0,0.4,-5.52,1.94,5.875,1.3758976610810776,0.0,593.8019999999999,-1.2328537983455974,1505.1922108644687
2026-10-01T08:13:00Z,8.865,302.19500000000005,40320.5,0.46,-5.57,1.76,5.87,1.3621104110100708,0.0,556.11,-1.2647414801726147,1570.2187643773827
2026-10-01T08:14:00Z,8.934999999999999,302.31,40148.5,0.44,-5.67,1.4849999999999999,5.880000000000001,1.373506565165914,0.0,427.13599999999997,-1.3145504660674447,1817.7169580682248
2026-10-01T08:15:00Z,9.015,302.05,39952.0,0.44999999999999996,-5.705,1.2999999999999998,5.875,1.3855532722428903,0.0,366.122,-1.3465673873861683,1924.3678455967174
2026-10-01T08:16:00Z,8.99,301.97,40236.0,0.41500000000000004,-5.74,1.21,5.885,1.377660872265933,0.0,372.868,-1.3630682680653132,1924.5246744187111
2026-10-01T08:17:00Z,9.03,301.70000000000005,40314.0,0.265,-5.795,0.915,5.875,1.3821906272757802,0.0,270.27000000000004,-1.4141156583873036,2108.83215788951
2026-10-01T08:18:00Z,9.43,301.51,40585.5,0.315,-5.83,0.8500000000000001,5.9,1.4405481588417792,0.0,279.27900000000005,-1.4261452928765301,2091.7157488480875
2026-10-01T08:19:00Z,9.535,301.34000000000003,40845.0,0.215,-5.85,0.66,5.890000000000001,1.4598469351614725,0.0,191.55200000000002,-1.4584462073705846,2225.6335804918667
2026-10-01T08:20:00Z,9.555,300.98,38579.5,0.22,-5.8149999999999995,0.575,5.859999999999999,1.4618836727460436,0.0,143.28,-1.4721318517218496,2304.878051993749
2026-10-01T08:21:00Z,9.795,300.19,38297.5,0.5549999999999999,-5.734999999999999,0.62,5.8,1.4891496763696777,0.0,149.0,-1.462949285280629,2274.702744825543
2026-10-01T08:22:00Z,9.77,299.14,39893.5,0.575,-5.775,0.485,5.83,1.4757571601746498,0.0,136.52800000000002,-1.486973752898787,2291.6457699131993
2026-10-01T08:23:00Z,9.02,303.21000000000004,34633.0,0.665,-5.6850000000000005,0.64,5.765000000000001,1.3726550168344198,0.0,198.5425,-1.4586954137716215,2244.91863899883
2026-10-01T08:24:00Z,9.615,297.875,41061.0,0.46499999999999997,-5.77,0.22499999999999998,5.795,1.441794424788235,0.0,70.848,-1.531841042873931,2394.3547069210044
2026-10-01T08:25:00Z,9.565,298.44500000000005,40741.5,0.28,-5.800000000000001,-0.255,5.82,1.4379458761712685,-0.255,-71.06400000000001,-1.6147645449762535,2691.6585992764158
2026-10-01T08:26:00Z,9.585,298.345,40735.0,0.32,-5.77,-0.039999999999999994,5.785,1.4412060276450622,-0.11,41.412000000000006,-1.57799244946282,2455.485604435137
2026-10-01T08:27:00Z,9.555,299.695,39949.0,0.26,-5.76,-0.034999999999999996,5.789999999999999,1.4435089220475392,-0.034999999999999996,-2.983,-1.5768725264438084,2562.2384060474706
2026-10-01T08:28:00Z,9.46,300.65,39633.5,0.38,-5.755,0.24,5.800000000000001,1.4378749819439502,-0.015,152.643,-1.5294906022578734,2284.84564268893
2026-10-01T08:29:00Z,9.335,300.53,38954.5,0.535,-5.85,0.395,5.93,1.423094500236484,-0.07,-41.76200000000001,-1.50300772109894,2682.5548890862397
2026-10-01T08:30:00Z,9.16,301.17,40091.5,0.24000000000000002,-5.9,-0.58,5.96,1.400177409936747,-0.58,-170.601,-1.6688071690211177,2968.77107640097
2026-10-01T08:31:00Z,8.98,301.475,39526.0,0.325,-5.845000000000001,-0.9299999999999999,5.94,1.3770584042707223,-0.9299999999999999,-296.307,-1.7285446531536208,3214.5721876963335
2026-10-01T08:32:00Z,8.985,301.52,39102.0,0.305,-5.915,-1.065,6.02,1.3767144127960513,-1.065,-314.58000000000004,-1.7489936585504564,3284.4669473166186
2026-10-01T08:33:00Z,9.095,301.24,40681.5,0.225,-5.775,-1.06,5.875,1.39058310827249,-1.06,-254.405,-1.7517504416109961,3069.6684428449876
2026-10-01T08:34:00Z,9.215,302.03499999999997,40092.0,-0.035,-5.67,-0.8099999999999999,5.75,1.4134528059931495,-0.8099999999999999,-138.322,-1.7116724289553655,2818.983343232114
2026-10-01T08:35:00Z,9.43,301.78499999999997,39499.5,0.29,-5.635,-0.885,5.715,1.4438727593201257,-0.885,-276.46000000000004,-1.7265300934366672,3130.5543142055435
2026-10-01T08:36:00Z,9.61,301.45500000000004,39269.5,0.135,-5.62,-0.765,5.68,1.4693156054495842,-0.765,-273.0,-1.7057149145918378,3117.5376221308416
2026-10-01T08:37:00Z,9.515,301.825,38729.5,0.19,-5.63,-0.9850000000000001,5.725,1.4610940038748075,-0.9850000000000001,-272.909,-1.7441462863364037,3118.781001829829
2026-10-01T08:38:00Z,9.605,301.845,38373.5,0.17500000000000002,-5.625,-0.875,5.7,1.4746989891783322,-0.875,-240.0,-1.7251974419228988,3041.738912008429
2026-10-01T08:39:00Z,9.46,302.03,38143.0,0.22,-5.675,-1.055,5.779999999999999,1.4539994568042316,-1.055,-285.19,-1.7546512089858908,3153.4746191601207
2026-10-01T08:40:00Z,9.675,302.07500000000005,40014.0,0.12499999999999999,-5.635,-0.835,5.705,1.4899470881043926,-0.835,-230.846,-1.718110406673751,3033.3424858033495
2026-10-01T08:41:00Z,9.395,303.71,40477.5,0.05,-5.595000000000001,-1.04,5.71,1.4540280177371334,-1.04,-290.784,-1.7546871220053193,3185.3128383328135
2026-10-01T08:42:00Z,9.47,304.695,39473.0,-0.47,-5.425000000000001,-1.545,5.6850000000000005,1.4757202914902343,-1.545,-394.94000000000005,-1.8482071791486387,3393.85699192935
2026-10-01T08:43:00Z,9.455,305.47,39252.0,-0.645,-5.335,-1.755,5.654999999999999,1.486402659072531,-1.755,-522.192,-1.8885986320567725,3660.597750313579
2026-10-01T08:44:00Z,9.485,305.76,44371.5,-0.42500000000000004,-5.449999999999999,-1.4900000000000002,5.6850000000000005,1.4905504595812544,-1.4900000000000002,-493.128,-1.838181384741428,3592.41376207526
2026-10-01T08:45:00Z,9.075,305.765,43721.5,-0.61,-4.8149999999999995,-2.785,5.635,1.4253747664274585,-2.785,-974.7200000000001,-2.093732167792276,4717.715533585462
2026-10-01T08:46:00Z,8.445,304.655,43641.5,-0.46,-5.08,-2.215,5.665,1.3139236150979197,-2.215,-452.96,-1.9834906969621917,3538.9602348003014
2026-10-01T08:47:00Z,8.725,305.125,44734.0,-0.6100000000000001,-5.4350000000000005,-1.29,5.615,1.3645471162944376,-1.29,-395.07,-1.8038355022276138,3388.1545705835183
2026-10-01T08:48:00Z,8.9,305.45,43622.5,-0.685,-5.5,-1.225,5.685,1.4003739761166498,-1.225,-357.77599999999995,-1.7901281561707625,3338.8902526800207
2026-10-01T08:49:00Z,8.935,305.52,41399.0,-0.515,-5.695,-1.0,5.805,1.40444428434481,-1.0,-300.663,-1.7446562502415115,3244.1274558206082
2026-10-01T08:50:00Z,8.965,305.125,39993.5,-0.47000000000000003,-5.699999999999999,-0.095,5.77,1.4047212752469025,-0.24,87.98599999999999,-1.586680344165242,2406.4212740630583
2026-10-01T08:51:00Z,9.07,305.45,43135.0,-0.135,-5.58,0.72,5.654999999999999,1.42008422426974,0.0,176.60999999999999,-1.4423278607592138,2240.6255996539912
2026-10-01T08:52:00Z,9.120000000000001,305.70500000000004,45266.5,-0.245,-5.484999999999999,-1.0,5.67,1.4286990249293545,-1.0,-527.823,-1.7489188798218152,3712.9033267804857
2026-10-01T08:53:00Z,8.83,304.745,39820.0,-0.35,-5.295,-1.8699999999999999,5.67,1.3853423636292148,-1.8699999999999999,-492.423,-1.9102133202218348,3602.1226873951
2026-10-01T08:54:00Z,8.48,308.62,31822.0,-0.22000000000000003,-5.529999999999999,-1.04,5.645,1.3418064529190186,-1.04,-300.9425,-1.7568342961550845,3281.504631037931
2026-10-01T08:55:00Z,8.81,304.245,40989.5,-0.010000000000000009,-5.59,-0.9850000000000001,5.6850000000000005,1.3743510380590345,-0.9850000000000001,-269.047,-1.745317294879203,3123.835804590521
2026-10-01T08:56:00Z,9.025,303.875,40961.5,0.03,-5.63,-0.465,5.655,1.4047824456368252,-0.465,-114.722,-1.6534105854561787,2803.9852909264655
2026-10-01T08:57:00Z,9.035,303.565,40698.5,0.045,-5.65,-0.25,5.66,1.4026718539735772,-0.25,-36.204,-1.6151977269519922,2637.622781304012
2026-10-01T08:58:00Z,9.120000000000001,304.77,41121.5,0.125,-5.640000000000001,-0.07500000000000001,5.645,1.42038545191941,-0.07500000000000001,-3.0410000000000004,-1.5841121123549706,2580.5058071651374
2026-10-01T08:59:00Z,9.315000000000001,302.895,39067.5,-0.0050000000000000044,-5.545,0.15500000000000003,5.59,1.4438260564108962,-0.105,156.104,-1.5424384165606897,2199.653658330701
2026-10-01T09:00:00Z,9.01,302.065,41345.0,0.6599999999999999,-4.885,2.2199999999999998,5.46,1.3853570359097425,0.0,690.0,-1.143672125794612,1137.5821780126103
2026-10-01T09:01:00Z,9.54,302.15999999999997,40996.5,0.5549999999999999,-5.02,1.69,5.365,1.463636660969592,0.0,472.413,-1.2458221937812497,1547.3006218079238
2026-10-01T09:02:00Z,9.515,304.225,40941.0,0.62,-4.87,2.08,5.335,1.4753213587526672,0.0,677.474,-1.1671121477543858,1194.0132601434236
2026-10-01T09:03:00Z,9.69,302.9,39939.5,0.545,-4.915,1.9,5.31,1.4957916593231,0.0,542.34,-1.2017725704868654,1403.9228816037903
2026-10-01T09:04:00Z,9.435,302.855,40747.0,0.705,-4.98,1.93,5.390000000000001,1.4580000469247065,0.0,580.93,-1.20105776068007,1363.8292762599424
2026-10-01T09:05:00Z,9.475,303.17499999999995,40670.5,0.6699999999999999,-5.16,1.68,5.47,1.466619501219995,0.0,506.3519999999999,-1.2560136724728301,1534.557798505198
2026-10-01T09:06:00Z,9.425,302.705,40879.0,0.67,-4.96,2.06,5.46,1.4598178853025012,0.0,743.752,-1.1770701926763207,1086.1062616157396
2026-10-01T09:07:00Z,9.65,302.195,39822.0,0.895,-4.545,2.69,5.36,1.4841471851506087,0.0,826.0999999999999,-1.0363363441941125,913.1659520612284
2026-10-01T09:08:00Z,9.62,302.58500000000004,40619.5,0.9,-4.49,2.74,5.345000000000001,1.4820491255181278,0.0,815.71,-1.0228856804909088,931.9905090221101
2026-10-01T09:09:00Z,9.615,303.08500000000004,40784.5,0.835,-4.615,2.72,5.425000000000001,1.4844128064270836,0.0,814.8600000000001,-1.0380876992674954,997.1532794139124
2026-10-01T09:10:00Z,9.56,303.05,41164.5,0.8049999999999999,-4.655,2.685,5.435,1.4726075143010902,0.0,795.049,-1.0473030117548507,1046.0283441982353
2026-10-01T09:11:00Z,9.635,302.24,40146.5,0.96,-4.48,2.84,5.405,1.4801397453919234,0.0,899.392,-1.00600975846723,833.4060055775611
2026-10-01T09:12:00Z,9.690000000000001,301.28499999999997,41454.5,1.0750000000000002,-4.305,3.02,5.385,1.4845820891967656,0.0,971.425,-0.9593369179342945,692.4488466218088
2026-10-01T09:13:00Z,9.525,301.71500000000003,40858.5,1.2349999999999999,-3.765,3.745,5.465,1.4564691770332008,0.0,1115.226,-0.7880717450872261,501.7165572502934
2026-10-01T09:14:00Z,9.395,301.53999999999996,41187.0,1.175,-4.0649999999999995,3.37,5.445,1.4322293957732692,0.0,1044.123,-0.8787663790851092,609.7566692159114
2026-10-01T09:15:00Z,9.33,300.59000000000003,40879.5,1.06,-4.145,3.37,5.48,1.4177775394654668,0.0,1118.6340000000002,-0.8888277364720689,514.1412905819384
2026-10-01T09:16:00Z,9.344999999999999,301.01,40882.5,0.96,-3.92,3.69,5.475,1.4273353215010387,0.0,1123.8639999999998,-0.815574871181254,495.30368026992954
2026-10-01T09:17:00Z,9.32,301.495,41419.0,1.0,-3.81,3.77,5.455,1.4268935027148981,0.0,1147.468,-0.7906509994608802,461.1034210847827
2026-10-01T09:18:00Z,9.325,301.28,41530.0,1.03,-3.6100000000000003,3.94,5.445,1.422512497101901,0.0,1215.0,-0.7415358841262496,364.2465624552399
2026-10-01T09:19:00Z,9.345,300.615,41093.0,1.105,-3.4400000000000004,4.1,5.47,1.4199942077159287,0.0,1220.7359999999999,-0.6980825902124059,364.1374536899061
2026-10-01T09:20:00Z,9.245000000000001,301.04499999999996,41397.0,1.125,-3.67,3.925,5.495,1.4070093844039566,0.0,1155.0,-0.7518089817993585,466.52923080872023
2026-10-01T09:21:00Z,9.32,301.64,41311.0,1.21,-3.625,3.975,5.515,1.4244749367641503,0.0,1189.98,-0.7393773327255294,415.6085079526171
2026-10-01T09:22:00Z,9.2,302.01,41188.0,1.2650000000000001,-3.525,3.995,5.48,1.4121609082521056,0.0,1219.6239999999998,-0.7229511676968334,364.5083470728556
2026-10-01T09:23:00Z,9.205,301.91,40641.0,1.13,-4.025,3.575,5.52,1.4130041207466242,0.0,1017.3390000000002,-0.8443281657408168,672.0431743844808
2026-10-01T09:24:00Z,9.325,301.97,40045.0,1.16,-4.24,3.26,5.475,1.4317776293399633,0.0,1005.67,-0.9154425806065267,680.7431529484664
2026-10-01T09:25:00Z,9.37,302.07500000000005,40903.5,1.08,-4.3100000000000005,3.135,5.44,1.4370786875670851,0.0,983.6160000000001,-0.9419688596212261,698.8849219936461
2026-10-01T09:26:00Z,9.42,301.65,41013.0,0.9199999999999999,-4.4,3.0300000000000002,5.4350000000000005,1.44380613804054,0.0,890.4060000000001,-0.9676640066616575,842.8362504687773
2026-10-01T09:27:00Z,9.504999999999999,302.215,43234.0,1.0150000000000001,-4.140000000000001,3.105,5.279999999999999,1.4617637164916624,0.0,895.1919999999999,-0.9275892829650367,728.4757694948258
2026-10-01T09:28:00Z,9.32,302.095,42539.5,0.9650000000000001,-3.7700000000000005,3.34,5.145,1.4300153042927342,0.0,1016.366,-0.842938075675368,447.6867987135255
2026-10-01T09:29:00Z,9.61,301.22,44389.0,0.965,-3.7199999999999998,3.005,4.9,1.46016122761686,0.0,953.853,-0.8917334825121521,563.0291001348737
2026-10-01T09:30:00Z,9.875,300.265,44624.5,1.255,-3.535,3.1849999999999996,4.945,1.4939372692403339,0.0,982.0319999999998,-0.837568313025184,526.039845897465
2026-10-01T09:31:00Z,4.47,300.7,47538.0,1.62,-3.34,3.64,5.22,0.6760307827357799,0.0,1094.548,-0.7424446566741765,405.75130914855964
2026-10-01T09:32:00Z,4.22,303.4,47418.0,1.27,-4.35,2.89,5.41,0.64973415366032,0.0,876.826,-0.9843869242360227,851.2121013608831
2026-10-01T09:33:00Z,4.53,303.6,53272.0,0.47,-5.11,1.48,5.42,0.6983832728188802,0.0,449.32800000000003,-1.2888819146208659,1617.7884735048817
2026-10-01T09:34:00Z,4.17,302.2,50931.0,0.91,-4.92,1.51,5.29,0.63696719719128,0.0,456.322,-1.273011680801526,1537.7487814521694
2026-10-01T09:35:00Z,4.21,303.3,55532.0,1.12,-5.22,0.26,5.36,0.6477672826049401,0.0,78.858,-1.52102902604483,2313.940700391184
2026-10-01T09:36:00Z,4.37,302.8,49539.0,0.81,-4.84,1.31,5.2,0.6701704447740802,0.0,396.668,-1.3064683613287076,1617.428356369292
2026-10-01T09:37:00Z,4.27,302.6,54164.0,0.81,-4.82,1.62,5.17,0.65396998305352,0.0,490.21200000000005,-1.2465582153401638,1445.4167507920145
2026-10-01T09:38:00Z,5.29,305.8,58789.0,1.02,-4.34,1.04,4.59,0.8274137364565601,0.0,318.03200000000004,-1.3355999603182338,1585.3310205395667
2026-10-01T09:39:00Z,3.99,306.7,54423.0,0.23,3.83,4.16,5.7,0.62775841070586,0.0,1275.872,0.7441199967976959,444.28232274893
2026-10-01T09:40:00Z,4.04,307.7,53332.0,-0.1,3.94,4.42,5.92,0.63977674503416,0.0,1360.0339999999999,0.7280448643062826,432.88056451893397
2026-10-01T09:41:00Z,4.12,306.7,52002.0,-0.06,3.58,4.64,5.87,0.64821169225768,0.0,1423.0879999999997,0.6571521379040424,329.7300715178559
2026-10-01T09:42:00Z,7.460000000000001,308.12,44453.5,-0.22499999999999998,3.56,4.705,5.91,1.1846676969635825,0.0,1435.746,0.6475447355279744,353.24997814400155
2026-10-01T09:43:00Z,7.445,308.83500000000004,43823.5,-0.255,3.715,4.609999999999999,5.925,1.1865203275087821,0.0,1382.1239999999998,0.6782108768192798,422.01294235813975
2026-10-01T09:44:00Z,7.380000000000001,308.45500000000004,41689.5,-0.16999999999999998,3.745,4.57,5.92,1.177657219826949,0.0,1402.1999999999998,0.6864492838795355,386.4632388743674
2026-10-01T09:45:00Z,7.33,307.85,44714.0,-0.11000000000000001,3.69,4.665,5.955,1.16688346297464,0.0,1418.6319999999998,0.6691291359279967,372.6189962138457
2026-10-01T09:46:00Z,7.345000000000001,308.21000000000004,44020.5,0.145,3.4450000000000003,4.905,6.01,1.1687479543445898,0.0,1532.346,0.6123707365849439,264.567772884718
2026-10-01T09:47:00Z,7.380000000000001,307.15,44133.5,0.315,3.365,4.99,6.04,1.16637846932463,0.0,1502.3400000000001,0.5931769387425571,296.9704007204929
2026-10-01T09:48:00Z,7.415,307.45,44603.0,0.265,3.3449999999999998,4.96,5.99,1.17317408305681,0.0,1520.64,0.5933308423122526,255.78010199211857
2026-10-01T09:49:00Z,7.43,307.59000000000003,44603.0,0.21,3.26,4.96,5.955,1.1767518160510269,0.0,1496.5510000000002,0.5815199616492612,269.93539550306167
2026-10-01T09:50:00Z,7.385,308.495,44605.0,0.19,3.305,4.9350000000000005,5.955,1.174514229492224,0.0,1522.384,0.5900141641363188,270.0756667871929
2026-10-01T09:51:00Z,7.404999999999999,308.055,45347.0,0.46,3.065,5.025,5.9350000000000005,1.1762105165147225,0.0,1545.156,0.5472034893241431,179.92098620006965
2026-10-01T09:52:00Z,7.5649999999999995,308.0,46269.5,0.9450000000000001,2.48,5.195,5.855,1.2024259236148402,0.0,1601.5539999999999,0.44532336044388765,110.02571101890011
2026-10-01T09:53:00Z,7.665,306.94,46428.0,1.54,2.005,5.225,5.83,1.2105836168354513,0.0,1546.31,0.3664161038413467,71.08558010489206
2026-10-01T09:54:00Z,7.654999999999999,306.755,47769.0,1.3900000000000001,1.95,5.27,5.8100000000000005,1.204644094638697,0.0,1598.428,0.35428221561360407,61.60227872621582
2026-10-01T09:55:00Z,7.49,306.565,48557.5,1.6,1.6800000000000002,5.4,5.88,1.1789914823365595,0.0,1680.4890000000003,0.30141042243981386,47.73676074740286
2026-10-01T09:56:00Z,7.34,306.0,49995.0,1.395,2.01,5.34,5.905,1.15257158844084,0.0,1568.214,0.3607529920649748,109.47751468108488
2026-10-01T09:57:00Z,7.43,305.45,49395.0,0.955,2.51,5.26,5.9399999999999995,1.1646198574586,0.0,1583.319,0.44486744887560314,149.6127463722221
2026-10-01T09:58:00Z,8.49,307.08,53867.0,0.9550000000000001,2.41,5.244999999999999,5.88,1.3360018115203776,0.0,1585.1759999999997,0.43067515278485774,108.40480705617354
2026-10-01T09:59:00Z,8.344999999999999,307.45500000000004,53310.5,1.4249999999999998,0.2899999999999999,4.75,5.295,1.3164013151643357,0.0,1320.8080000000002,0.029902783727169507,23.759986430053633
2026-10-01T10:00:00Z,6.225,308.555,51378.0,1.03,-3.25,1.1400000000000001,5.359999999999999,0.9905795141462701,-0.915,-565.104,-1.1815848828934201,4043.543768339598
2026-10-01T10:01:00Z,6.75,308.28499999999997,47404.0,0.07,-4.984999999999999,-3.87,6.33,1.0729480073247704,-3.87,-1199.287,-2.231466990981236,5382.738793658321
2026-10-01T10:02:00Z,6.755000000000001,308.405,47122.0,-0.060000000000000005,-5.0649999999999995,-3.92,6.41,1.0797209302534103,-3.92,-1159.704,-2.229274271665937,5251.831614584238
2026-10-01T10:03:00Z,7.07,307.9,46441.0,0.13499999999999998,-5.125,-3.425,6.1850000000000005,1.1282984519450001,-3.425,-987.734,-2.160116088468668,4837.521805387465
2026-10-01T10:04:00Z,7.26,306.435,44841.0,0.33,-5.385,-3.09,6.225,1.1456435332312231,-3.09,-979.05,-2.0917936025323574,4807.677424913662
2026-10-01T10:05:00Z,6.905,304.405,47989.0,0.625,-5.32,-3.13,6.21,1.077143669908882,-3.13,-989.175,-2.1023088900769586,4813.798089048962
2026-10-01T10:06:00Z,6.8549999999999995,303.95500000000004,40799.0,1.145,-5.705,-2.3449999999999998,6.33,1.0696588379470282,-2.3449999999999998,-605.01,-1.9612216195819638,4011.9295247004534
2026-10-01T10:07:00Z,7.31,304.07,50038.0,1.25,-5.77,-2.08,6.285,1.131109034210695,-2.08,-547.02,-1.916926056156385,3905.4389388806767
2026-10-01T10:08:00Z,7.535,302.20500000000004,41868.0,1.15,-5.91,-1.975,6.34,1.1570063044035606,-1.975,-562.4960000000001,-1.8936769155759312,3901.0701302709376
2026-10-01T10:09:00Z,7.29,303.525,40352.5,1.025,-5.995,-1.98,6.404999999999999,1.1272881757242375,-1.98,-590.07,-1.8898411943699962,3995.2175121885284
2026-10-01T10:10:00Z,7.345,303.725,41695.5,0.9849999999999999,-5.975,-2.085,6.41,1.1383282759763274,-2.085,-620.125,-1.9066437380657055,4065.9611934244695
2026-10-01T10:11:00Z,7.5,303.61,43704.0,1.085,-6.035,-1.905,6.425000000000001,1.1555587890005463,-1.905,-595.448,-1.8765193067100352,4018.041309835475
2026-10-01T10:12:00Z,7.39,303.34000000000003,42684.0,1.1099999999999999,-5.945,-2.17,6.43,1.1386912335206913,-2.17,-699.9300000000001,-1.9205410153412448,4231.189181307315
2026-10-01T10:13:00Z,6.824999999999999,308.86,32099.5,1.205,-5.859999999999999,-1.13,6.205,1.0668451691062715,-1.13,-81.6764,-1.7554461460138142,2974.0756261011916
2026-10-01T10:14:00Z,7.575,304.055,45670.5,1.2,-5.93,-0.745,6.145,1.1707979482392155,-0.745,-167.31,-1.6962053891479232,3086.803394838488
2026-10-01T10:15:00Z,8.08,303.39,44120.0,0.96,-5.904999999999999,-0.40499999999999997,6.035,1.2536475557020812,-0.40499999999999997,-180.72,-1.6384923293953655,3086.038746999521
2026-10-01T10:16:00Z,7.904999999999999,302.725,39725.0,1.195,-5.9399999999999995,-0.76,6.154999999999999,1.2267375255201052,-0.76,-254.66000000000003,-1.6977371074555103,3255.8017542095213
2026-10-01T10:17:00Z,7.665,301.905,42416.5,1.35,-6.16,-0.875,6.390000000000001,1.1759112310028699,-0.875,-225.22500000000002,-1.7123462485556233,3242.6044487316917
2026-10-01T10:18:00Z,7.715000000000001,303.295,39436.5,1.49,-6.175,-1.08,6.475,1.1848496388690872,-1.08,-385.826,-1.7442054075323292,3623.6648359294086
2026-10-01T10:19:00Z,7.66,302.58500000000004,38394.0,0.87,-6.365,-0.45,6.45,1.1743093396560542,-0.45,-114.87400000000001,-1.64141318437064,3012.847178131482
2026-10-01T10:20:00Z,7.6049999999999995,301.76,40672.5,0.8999999999999999,-6.09,-1.15,6.375,1.1654647610353486,-1.15,-72.024,-1.7578551359081187,2874.300721955927
2026-10-01T10:21:00Z,7.835,302.99,40408.0,1.0350000000000001,-6.26,-0.485,6.375,1.2089965486719716,-0.485,-162.86400000000003,-1.6481551042146103,3086.720446155476
2026-10-01T10:22:00Z,8.15,304.465,42445.5,0.9450000000000001,-6.255000000000001,-0.375,6.35,1.2596268752506545,-0.375,-167.97,-1.6309239644036764,3123.9468736387967
2026-10-01T10:23:00Z,7.885,304.70500000000004,40716.0,0.515,-6.115,-0.625,6.220000000000001,1.2249315911811904,-0.625,-97.47200000000001,-1.6722841742643044,2925.640566945587
2026-10-01T10:24:00Z,6.975,315.22,35831.0,0.375,-6.1850000000000005,0.28,6.255000000000001,1.11846346225092,0.0,125.58,-1.525498494306483,2732.829898213689
2026-10-01T10:25:00Z,8.365,304.51,38285.0,0.29500000000000004,-6.015000000000001,1.2249999999999999,6.234999999999999,1.3179754144992308,0.0,633.0,-1.3700066627033745,1556.214692910189
2026-10-01T10:26:00Z,8.02,303.6,38252.5,1.05,-5.970000000000001,1.37,6.23,1.2399823204345601,0.0,414.83600000000007,-1.345200248853701,1958.5333006362655
2026-10-01T10:27:00Z,7.42,304.15,32584.0,0.925,-5.965,1.18,6.195,1.1261632638064198,0.0,363.912,-1.3754167180445078,2115.3873575433286
2026-10-01T10:28:00Z,7.824999999999999,302.32500000000005,35572.0,0.5599999999999999,-5.795,1.58,6.125,1.2059867073704802,0.0,633.211,-1.3055967967541355,1520.7688346752989
2026-10-01T10:29:00Z,8.219999999999999,303.845,38121.5,0.595,-5.845,1.705,6.135,1.278872259091565,0.0,455.86899999999997,-1.2870307806694536,1841.852746958889
2026-10-01T10:30:00Z,8.43,304.53999999999996,40581.5,1.2249999999999999,-5.74,0.35,6.145,1.3107317400392584,-0.51,-309.978,-1.5174309841927642,3398.232684920651
2026-10-01T10:31:00Z,8.215,301.31,41396.0,1.0,-5.984999999999999,0.09500000000000003,6.165,1.2622166268028017,-0.435,-259.43399999999997,-1.554407796321178,3192.341039859833
2026-10-01T10:32:00Z,7.8500000000000005,301.54999999999995,42705.0,1.635,-5.755,-1.095,6.145,1.19958244825178,-1.095,-288.19199999999995,-1.7585669616420985,3317.383114062952
2026-10-01T10:33:00Z,7.895,301.225,41160.0,1.42,-5.955,-0.425,6.165,1.2034883454404275,-0.425,-72.0,-1.6422110145114115,2840.1542329610306
2026-10-01T10:34:00Z,8.21,301.81,41811.0,1.605,-5.85,-0.665,6.109999999999999,1.2496721311950492,-0.665,-126.882,-1.6841435175699095,2949.2949049075864
2026-10-01T10:35:00Z,8.959999999999999,304.86,51025.0,0.825,-5.470000000000001,0.8799999999999999,5.82,1.3727717772034755,-0.125,624.708,-1.4066830041391798,1442.413966700407
2026-10-01T10:36:00Z,9.225,304.97,49518.0,-0.07500000000000007,-4.234999999999999,2.04,5.475,1.4157958280357679,0.0,1222.582,-1.0642617031122328,218.03721603833512
2026-10-01T10:37:00Z,9.004999999999999,306.545,50565.0,-0.5349999999999999,-3.575,2.85,5.23,1.4058211063336987,0.0,1310.584,-0.8950221232145716,163.04274234285097
2026-10-01T10:38:00Z,7.27,313.81500000000005,40418.0,-1.095,-2.385,4.46,5.215,1.1907790911281995,0.0,1516.2082,-0.4936806235525629,87.81515706624589
2026-10-01T10:39:00Z,8.13,313.6,46371.0,-1.79,-2.5999999999999996,4.295,5.37,1.35359389220352,0.0,1389.6000000000001,-0.5438367747827486,203.8336677129488
2026-10-01T10:40:00Z,8.129999999999999,312.07500000000005,44823.0,-1.63,-3.035,4.205,5.529999999999999,1.3399569744922202,0.0,1210.762,-0.6222387381855516,433.43875384492503
2026-10-01T10:41:00Z,7.195,311.54499999999996,31484.5,-1.365,-3.49,4.06,5.555,1.1849532590190721,0.0,1149.1010999999999,-0.7099741564040226,530.8073811118014
2026-10-01T10:42:00Z,8.95,308.935,42408.0,-0.735,-4.01,3.705,5.54,1.440627172427309,0.0,1098.1809999999998,-0.8247618776584182,619.2594381145959
2026-10-01T10:43:00Z,9.155000000000001,309.22,42981.5,-0.885,-3.84,3.91,5.57,1.4750534215624533,0.0,1213.74,-0.7764077641290005,475.62638663055066
2026-10-01T10:44:00Z,8.969999999999999,308.915,42542.5,-0.745,-4.02,3.775,5.605,1.4409296228579709,0.0,1094.5620000000001,-0.8160081442199913,670.9427533139883
2026-10-01T10:45:00Z,8.72,308.51,43276.0,-0.92,-4.85,2.605,5.6850000000000005,1.400573226782756,0.0,714.1679999999999,-1.0773526377830769,1254.4437416501169
2026-10-01T10:46:00Z,8.855,308.44,41943.5,-1.06,-5.11,2.04,5.6850000000000005,1.4250549471932004,0.0,495.683,-1.1890866141367278,1641.486964919416
2026-10-01T10:47:00Z,8.89,307.83000000000004,43990.5,-0.915,-5.404999999999999,1.365,5.73,1.430184661983188,0.0,544.5,-1.3240335917082358,1532.1815416128097
2026-10-01T10:48:00Z,8.92,309.71,44278.5,-0.865,-5.465,1.17,5.76,1.4402894240266393,0.0,473.39599999999996,-1.3597026826760823,1712.9596331165114
2026-10-01T10:49:00Z,8.89,312.815,43295.5,-2.09,-4.795,1.875,5.6899999999999995,1.4746121157828038,0.0,791.56,-1.1987232983345555,1058.1786919194178
2026-10-01T10:50:00Z,8.754999999999999,314.45500000000004,42680.0,-2.565,-4.215,2.52,5.705,1.4754144036449535,0.0,1015.74,-1.041650901673694,704.1692625437166
2026-10-01T10:51:00Z,8.885,311.15,41382.0,-1.68,-4.35,3.21,5.6899999999999995,1.4549261015138002,0.0,1016.832,-0.9350769436651363,735.5733727404325
2026-10-01T10:52:00Z,8.105,307.135,39616.5,-1.2550000000000001,-4.1850000000000005,3.5549999999999997,5.6850000000000005,1.2978651443621119,0.0,917.7869999999999,-0.8693159971173665,845.4747491253638
2026-10-01T10:53:00Z,7.43,317.40999999999997,29883.5,-0.895,-5.074999999999999,2.475,5.995,1.2163665208752747,0.0,395.07259999999997,-1.100409931920624,2232.249969208134
2026-10-01T10:54:00Z,8.42,305.4,38066.5,-0.64,-6.0,1.1549999999999998,6.17,1.3298862296537601,0.0,341.26,-1.3804204742683055,2096.015702281735
2026-10-01T10:55:00Z,7.855,304.855,38425.5,-0.58,-6.235,1.0,6.345,1.2366682706233476,0.0,313.45599999999996,-1.4118069831640803,2174.7158314724957
2026-10-01T10:56:00Z,7.92,304.125,36439.5,-0.405,-6.295,1.015,6.41,1.2416868971595452,0.0,255.51000000000002,-1.4106376932834541,2295.553530074937
2026-10-01T10:57:00Z,8.045,305.12,37778.5,-0.56,-6.265,0.895,6.375,1.2621409279675884,0.0,272.79,-1.4288986729587085,2267.3460389903776
2026-10-01T10:58:00Z,8.165,305.98,38548.5,-0.56,-6.33,0.7250000000000001,6.4350000000000005,1.2776392555409184,0.0,281.704,-1.456624378413956,2303.1857848087884
2026-10-01T10:59:00Z,7.8,304.255,37656.5,-0.6950000000000001,-6.41,0.56,6.49,1.2237939336758739,0.0,189.50400000000002,-1.483756714878123,2439.184385529605
2026-10-01T11:00:00Z,7.8100000000000005,308.225,37941.5,-1.25,-6.38,0.5249999999999999,6.555,1.259533650052925,0.0,106.46999999999998,-1.48817287010635,2643.3535578773476
2026-10-01T11:01:00Z,7.635,308.695,39255.5,-1.1400000000000001,-6.46,-0.12,6.575,1.2361113494889335,-0.12,-36.528,-1.5893722218942319,2920.6037448521975
2026-10-01T11:02:00Z,7.66,307.89,39451.5,-0.595,-6.390000000000001,0.36,6.505000000000001,1.2213520910524578,0.0,91.91999999999999,-1.5144930696082515,2686.7616186203577
2026-10-01T11:03:00Z,7.975,303.6,35417.5,-0.375,-6.445,0.96,6.54,1.2424659949504,0.0,303.808,-1.4229654092770245,2244.0826689165583
2026-10-01T11:04:00Z,7.77,304.44,34543.0,-0.6499999999999999,-6.51,0.5800000000000001,6.574999999999999,1.2176471311973183,0.0,190.008,-1.4819751131517496,2469.0415995709027
2026-10-01T11:05:00Z,7.635,306.23,35456.0,-0.875,-6.535,0.22999999999999998,6.595,1.2075331336420765,0.0,66.902,-1.5355900535640032,2751.7343352633497
2026-10-01T11:06:00Z,7.6450000000000005,305.895,37362.0,-0.94,-6.539999999999999,0.11499999999999999,6.615,1.2034095529918523,0.0,15.219999999999999,-1.5531852492973637,2850.185243840362
2026-10-01T11:07:00Z,7.55,306.05,36272.5,-0.9349999999999999,-6.53,-0.16999999999999998,6.605,1.1908813701298,-0.16999999999999998,-57.817,-1.5968061462538905,2989.6117966227935
2026-10-01T11:08:00Z,7.305,306.66499999999996,37489.5,-0.945,-6.54,-0.5249999999999999,6.635,1.1593992400541153,-0.5249999999999999,-173.50799999999998,-1.6508253243364828,3239.022782182045
2026-10-01T11:09:00Z,7.275,307.20500000000004,37008.0,-1.04,-6.5,-0.815,6.65,1.1524390669579274,-0.815,-260.355,-1.6954941507739583,3446.003049107107
2026-10-01T11:10:00Z,7.06,307.42,37775.5,-0.985,-6.43,-1.1800000000000002,6.625,1.1174114206955055,-1.1800000000000002,-405.37200000000007,-1.7520414810740514,3745.7525909297415
2026-10-01T11:11:00Z,7.025,307.475,37010.5,-1.26,-6.425,-1.24,6.68,1.111597762188165,-1.24,-347.24899999999997,-1.7615118975047186,3646.563363207481
2026-10-01T11:12:00Z,6.955,309.185,39532.5,-1.4000000000000001,-6.295,-1.395,6.625,1.1099562201623332,-1.395,-359.25199999999995,-1.7886741497404999,3688.3821368266126
2026-10-01T11:13:00Z,6.91,309.24,39575.0,-1.45,-6.27,-1.555,6.640000000000001,1.108259524621502,-1.555,-376.37,-1.8138731438484812,3701.9830127355453
2026-10-01T11:14:00Z,6.9,310.12,39582.5,-1.915,-6.225,-1.56,6.744999999999999,1.1186603225742593,-1.56,-492.8,-1.8163214349805075,3952.1507899491344
2026-10-01T11:15:00Z,7.045,311.935,40923.5,-1.82,-6.24,-1.725,6.800000000000001,1.1689320181974292,-1.725,-656.552,-1.838248356106066,4263.724041557859
2026-10-01T11:16:00Z,6.99,309.865,40128.5,-1.465,-6.145,-2.055,6.755,1.147081884748197,-2.055,-766.584,-1.8907130569898882,4450.956250583436
2026-10-01T11:17:00Z,6.875,308.49,39253.0,-1.085,-6.035,-2.605,6.78,1.1224025554707175,-2.605,-929.852,-1.9760689918384544,4752.079384574595
2026-10-01T11:18:00Z,6.545,308.74,39098.0,-0.7150000000000001,-6.135,-2.8600000000000003,6.84,1.060973815591648,-2.8600000000000003,-910.156,-2.006797321943151,4755.163877508952
2026-10-01T11:19:00Z,6.215,306.275,38866.5,-0.615,-6.01,-3.0949999999999998,6.8149999999999995,0.9885665553296524,-3.0949999999999998,-938.0600000000001,-2.046403774827967,4783.716521414005
2026-10-01T11:20:00Z,6.1850000000000005,307.545,40940.0,-0.805,-5.765000000000001,-3.39,6.765000000000001,0.9920889630972451,-3.39,-998.844,-2.102595747853342,4923.490906306186
2026-10-01T11:21:00Z,5.85,308.94,39760.0,-1.1,-5.605,-3.535,6.720000000000001,0.94189258828998,-3.535,-1008.385,-2.1337168115132017,4990.093603767529
2026-10-01T11:22:00Z,6.430000000000001,308.405,40936.0,-0.57,-5.84,-2.52,6.6,1.0311912201221805,-2.52,-554.041,-1.9759666151007949,4038.2661402082044
2026-10-01T11:23:00Z,7.8100000000000005,299.28999999999996,36453.0,1.22,-6.23,0.9550000000000001,6.43,1.1809611484395115,0.0,234.393,-1.418496728980792,2288.7905365538973
2026-10-01T11:24:00Z,7.859999999999999,297.44,37453.0,0.97,-6.234999999999999,0.16,6.355,1.1692927707239422,0.0,76.96000000000001,-1.5452861428698714,2548.3537670200167
2026-10-01T11:25:00Z,7.35,300.48,37596.0,0.9099999999999999,-6.045,0.235,6.175,1.118626365930768,-0.085,190.84799999999998,-1.5313955684372114,2279.246055215538
2026-10-01T11:26:00Z,8.46,302.52,41288.5,0.855,-5.415,1.5050000000000001,5.805,1.28134532871876,0.0,636.2719999999999,-1.3016697460513424,1459.3890797573806
2026-10-01T11:27:00Z,8.525,304.28,51997.5,0.45,-3.39,3.3600000000000003,5.654999999999999,1.3070060635010177,0.0,1522.6200000000001,-0.7682133376487013,36.5595369682123
2026-10-01T11:28:00Z,7.42,303.185,44605.5,-0.27,-3.6449999999999996,3.07,5.535,1.1480546340202697,0.0,515.312,-0.8575754846487949,1480.9775196565222
2026-10-01T11:29:00Z,8.155000000000001,305.06,44677.5,0.0050000000000000044,-4.915,2.245,5.63,1.2576049208090483,0.0,462.59999999999997,-1.1429539641691446,1708.2621265001083
2026-10-01T11:30:00Z,7.625,298.85,45450.0,1.625,-3.125,3.71,5.465,1.1193861258647302,0.0,1115.202,-0.6782870771270955,607.6063635677672
2026-10-01T11:31:00Z,7.155,298.87,47554.0,0.3,-3.5,3.47,5.585,1.048371071692241,0.0,1332.72,-0.8023593963827724,298.2567709489894
2026-10-01T11:32:00Z,8.06,301.33,41655.5,0.27,-5.890000000000001,-0.44,6.0649999999999995,1.2164232728907487,-0.5,-303.4,-1.6395652224852193,3379.139013790233
2026-10-01T11:33:00Z,7.1899999999999995,304.28499999999997,36588.5,-0.15000000000000002,-6.195,-1.2349999999999999,6.35,1.1219450606583907,-1.2349999999999999,-459.64799999999997,-1.76627431244826,3723.7005067134733
2026-10-01T11:34:00Z,6.895,303.2,37417.0,0.21000000000000002,-6.265000000000001,-1.555,6.475,1.07591082156548,-1.555,-443.11199999999997,-1.8141152085514087,3647.0503321065603
2026-10-01T11:35:00Z,6.91,302.785,37743.0,0.065,-6.22,-1.625,6.4350000000000005,1.0743805898043264,-1.625,-457.62300000000005,-1.8263748914213251,3657.8565330987876
2026-10-01T11:36:00Z,6.9,304.045,37351.5,0.015,-6.215,-1.66,6.4350000000000005,1.0758694380302125,-1.66,-504.006,-1.8317971854192066,3786.3896465891676
2026-10-01T11:37:00Z,6.975,302.92499999999995,40907.5,0.155,-6.09,-1.395,6.37,1.0755008311564125,-1.395,-316.785,-1.795234906030772,3402.6928795378553
2026-10-01T11:38:00Z,6.914999999999999,300.15,39445.5,0.73,-6.175,-1.7149999999999999,6.455,1.0503377671112402,-1.7149999999999999,-462.05500000000006,-1.8421092752548198,3679.778339683013
2026-10-01T11:39:00Z,6.8549999999999995,300.13,38756.0,0.81,-6.16,-1.83,6.49,1.0376694689431645,-1.83,-481.229,-1.8603358748120704,3736.805892347994
2026-10-01T11:40:00Z,7.035,303.02,37655.5,-0.8700000000000001,-5.785,-1.245,6.465,1.093753852017311,-1.245,-392.86899999999997,-1.7845007522069016,3580.2613847059315
2026-10-01T11:41:00Z,7.29,314.095,38662.0,-1.7599999999999998,-5.609999999999999,-1.2000000000000002,6.485,1.272163095035155,-1.2000000000000002,-388.83000000000004,-1.7834060865474073,3543.6348586286535
2026-10-01T11:42:00Z,6.895,302.65,39142.0,0.275,-6.305,-1.615,6.525,1.06791289553509,-1.615,-479.68000000000006,-1.8216304079111243,3742.627461957315
2026-10-01T11:43:00Z,6.89,298.96000000000004,38177.5,0.315,-6.345,-1.49,6.54,1.0334322155819544,-1.49,-441.18800000000005,-1.8015029782456544,3645.554516172974
2026-10-01T11:44:00Z,6.685,301.69,39041.0,-0.215,-6.34,-1.7149999999999999,6.58,1.0282359962356087,-1.7149999999999999,-442.52,-1.8353040915877685,3663.664393901883
2026-10-01T11:45:00Z,6.76,303.1,40305.0,-0.265,-6.355,-1.745,6.6,1.0504881649616,-1.745,-531.354,-1.8387646832211848,3863.3383529435396
2026-10-01T11:46:00Z,6.805,302.87,37749.5,-0.26,-6.335,-1.88,6.62,1.0543726835649663,-1.88,-537.537,-1.8593957579331484,3881.035909590341
2026-10-01T11:47:00Z,6.975,303.49,38662.5,0.39,-6.404999999999999,-1.01,6.51,1.0848945445136209,-1.01,-343.14,-1.7270646972600106,3473.0855191040273
2026-10-01T11:48:00Z,7.08,304.70500000000004,37558.5,0.505,-6.41,-0.9550000000000001,6.505,1.1067022074474968,-0.9550000000000001,-254.51999999999998,-1.7188181107611928,3322.8272938886566
2026-10-01T11:49:00Z,7.055000000000001,304.79499999999996,37816.0,0.305,-6.415,-1.04,6.515000000000001,1.1060226149463563,-1.04,-260.15,-1.7316753447442108,3333.30818449435
2026-10-01T11:50:00Z,7.140000000000001,304.905,38126.0,0.15000000000000002,-6.42,-1.06,6.515000000000001,1.118431133245432,-1.06,-303.0,-1.7345669431442037,3427.6078653758996
2026-10-01T11:51:00Z,7.15,304.78499999999997,38430.0,0.08,-6.395,-1.08,6.5,1.1220758152877846,-1.08,-256.87,-1.7383599874279048,3316.256809326038
2026-10-01T11:52:00Z,6.960000000000001,305.935,38301.5,-0.31,-6.375,-1.49,6.574999999999999,1.1047277549562817,-1.49,-392.86,-1.8005404585246971,3597.6117816372207
2026-10-01T11:53:00Z,6.955,303.235,36730.5,0.4,-6.495,-0.61,6.555,1.078463180170123,-0.61,-183.60999999999999,-1.6644405291441822,3169.2357168221406
2026-10-01T11:54:00Z,7.115,302.46000000000004,38613.5,0.495,-6.505,-0.6000000000000001,6.555,1.0938623169727875,-0.6000000000000001,-156.624,-1.6628262300589656,3117.8746171679427
2026-10-01T11:55:00Z,7.109999999999999,301.27,37694.5,0.41500000000000004,-6.529999999999999,-0.635,6.574999999999999,1.0887958414492962,-0.635,-173.42,-1.6677542250516098,3124.8671839804515
2026-10-01T11:56:00Z,7.119999999999999,300.79499999999996,36192.5,0.475,-6.53,-0.53,6.575,1.0890295905767555,-0.53,-134.1,-1.6518672990808363,3041.1642384588895
2026-10-01T11:57:00Z,7.225,300.87,36689.0,0.435,-6.525,-0.605,6.57,1.1055462082507228,-0.605,-152.031,-1.6633351428877767,3074.2723823254955
2026-10-01T11:58:00Z,7.08,302.755,36368.0,0.225,-6.555,-1.035,6.645,1.090537980281023,-1.035,-340.808,-1.7272813776486102,3511.966818687542
2026-10-01T11:59:00Z,7.05,302.815,37061.0,0.21500000000000002,-6.585,-1.13,6.6899999999999995,1.0904112596885225,-1.13,-315.735,-1.7408028826336692,3455.7235740798365
2026-10-01T12:00:00Z,7.025,302.95,36441.0,0.2,-6.595000000000001,-1.005,6.68,1.0864790035816698,-1.005,-246.82,-1.7221784896814571,3324.467250829887
2026-10-01T12:01:00Z,7.015000000000001,303.115,36411.5,0.06,-6.6,-1.0,6.68,1.0873840149388705,-1.0,-243.72899999999998,-1.7213039632368823,3313.9067784577455
2026-10-01T12:02:00Z,7.1049999999999995,302.93,35888.5,-0.0050000000000000044,-6.635,-0.81,6.6850000000000005,1.104294535733486,-0.81,-203.79600000000002,-1.6923317230355601,3220.794592066248
2026-10-01T12:03:00Z,7.165,303.405,35841.0,0.039999999999999994,-6.63,-0.78,6.68,1.1123211524813383,-0.78,-213.923,-1.687957587052296,3261.130571296246
2026-10-01T12:04:00Z,7.145,303.11,36213.0,0.035,-6.63,-0.745,6.68,1.1065586668138976,-0.745,-207.759,-1.6827258056714962,3244.035050033161
2026-10-01T12:05:00Z,7.22,302.475,36322.5,-0.05499999999999999,-6.625,-0.61,6.654999999999999,1.1136067710971602,-0.61,-144.19199999999998,-1.6626816195265133,3106.529444783134
2026-10-01T12:06:00Z,7.2,303.02,35728.0,0.03499999999999999,-6.645,-0.7150000000000001,6.6850000000000005,1.1144660468272738,-0.7150000000000001,-204.68,-1.678019993368534,3244.6904020441425
2026-10-01T12:07:00Z,7.215,302.66999999999996,35870.5,0.21,-6.585,-0.86,6.654999999999999,1.1148610732092132,-0.86,-294.49,-1.700606177943504,3402.0048061368866
2026-10-01T12:08:00Z,7.175,302.19500000000005,34159.0,0.11000000000000001,-6.625,-0.75,6.68,1.1072398525602036,-0.75,-248.668,-1.6834655710735498,3310.347780423748
2026-10-01T12:09:00Z,7.220000000000001,302.14,34768.5,0.325,-6.615,-0.825,6.68,1.1151796161225533,-0.825,-200.464,-1.6951911674990718,3220.928451262595
2026-10-01T12:10:00Z,7.09,302.875,34997.0,0.27,-6.66,-0.77,6.715,1.100944248886885,-0.77,-179.88,-1.686179336686873,3194.094184700419
2026-10-01T12:11:00Z,7.12,302.55,36216.0,0.215,-6.665,-0.675,6.705,1.1008364193337503,-0.675,-153.0,-1.6719888580024183,3142.2613068323626
2026-10-01T12:12:00Z,7.135,302.79999999999995,36235.5,0.11499999999999999,-6.71,-0.665,6.74,1.1063027736892899,-0.665,-143.95199999999997,-1.6696686669502503,3120.6300149949925
2026-10-01T12:13:00Z,7.1000000000000005,302.71500000000003,35814.5,0.015,-6.71,-0.475,6.73,1.1026102287929536,-0.475,-89.79,-1.641655839999335,3015.3587865543927
2026-10-01T12:14:00Z,7.255,303.095,35394.5,-0.065,-6.725,-0.38,6.74,1.123632426101902,-0.38,-51.17,-1.627302825301155,2955.627970695414
2026-10-01T12:15:00Z,7.185,302.12,35959.5,-0.05,-6.720000000000001,-0.385,6.735,1.1071598138824574,-0.385,-101.89800000000001,-1.6280328738818988,3032.6288114434774
2026-10-01T12:16:00Z,7.115,302.21500000000003,36209.5,-0.019999999999999997,-6.745,-0.255,6.75,1.0976987130777813,-0.255,-59.92000000000001,-1.6086247505905802,2962.5291880082414
2026-10-01T12:17:00Z,7.1499999999999995,302.58,36584.5,-0.11499999999999999,-6.75,-0.22,6.755,1.1059825877207559,-0.22,-35.98799999999999,-1.6034588861589545,2924.0487147454273
2026-10-01T12:18:00Z,7.13,302.24,36454.5,-0.19,-6.74,-0.19,6.75,1.101707726968832,-0.19,-23.936,-1.5991433810079125,2900.86414799859
2026-10-01T12:19:00Z,7.2299999999999995,303.195,35979.5,-0.35000000000000003,-6.75,-0.145,6.765000000000001,1.1213201633932306,-0.145,0.0,-1.5924569068210728,2880.5144524191214
2026-10-01T12:20:00Z,7.15,303.24,38216.5,-0.375,-6.775,-0.2,6.79,1.1096885925160194,-0.2,-21.056000000000004,-1.6004544611978528,2924.343404007605
2026-10-01T12:21:00Z,7.324999999999999,302.89,37413.5,-0.34500000000000003,-6.775,-0.175,6.785,1.1353129172048209,-0.175,-48.032,-1.5966483411143102,2972.887026151821
2026-10-01T12:22:00Z,7.335,302.67999999999995,37128.0,-0.33,-6.8,-0.2,6.8100000000000005,1.13580133002313,-0.2,-47.983999999999995,-1.60027169453979,2974.2913763077872
2026-10-01T12:23:00Z,7.095,303.45,38462.0,-0.24,-6.835,-0.16999999999999998,6.835,1.10092087718712,-0.16999999999999998,-27.125999999999998,-1.5957731211802502,2957.2443413029405
2026-10-01T12:24:00Z,7.09,303.105,37517.5,-0.125,-6.8100000000000005,-0.065,6.8149999999999995,1.09789109835313,-0.07,3.0100000000000002,-1.5804374089889452,2887.4180278542894
2026-10-01T12:25:00Z,7.16,302.99,37067.5,-0.185,-6.805,-0.055,6.805,1.1079831769135575,-0.06,3.009,-1.578969661984317,2886.139065224448
2026-10-01T12:26:00Z,7.125,302.875,36770.0,-0.2,-6.795,-0.02,6.800000000000001,1.101702772401475,-0.02,0.0,-1.5737636510084132,2887.663114716079
2026-10-01T12:27:00Z,7.1850000000000005,302.59000000000003,36793.0,-0.12,-6.8100000000000005,0.009999999999999995,6.8149999999999995,1.1081624979050402,-0.035,27.063,-1.569414266101563,2838.7629886965447
2026-10-01T12:28:00Z,7.1850000000000005,302.88,36634.5,-0.145,-6.785,-0.055,6.79,1.1084098896153072,-0.055,-9.042,-1.5789213745836455,2903.842408118918
2026-10-01T12:29:00Z,7.19,301.705,36578.0,-0.075,-6.79,-0.1,6.79,1.1019119896259981,-0.1,-35.98799999999999,-1.585509956571211,2932.356633170859
2026-10-01T12:30:00Z,7.18,302.04999999999995,37853.0,-0.125,-6.824999999999999,-0.15000000000000002,6.824999999999999,1.10642397480131,-0.15000000000000002,-50.898,-1.5927484663637541,2970.4209799515734
2026-10-01T12:31:00Z,7.16,301.895,36553.0,0.1,-6.845000000000001,0.045,6.855,1.0992766772334646,-0.045,-27.0,-1.5640660133176376,2941.782247589957
2026-10-01T12:32:00Z,7.13,300.05,35859.0,0.375,-6.8100000000000005,0.25,6.835,1.08352414710845,0.0,116.06400000000001,-1.5341773449321705,2632.472826814897
2026-10-01T12:33:00Z,7.29,299.58000000000004,35337.0,0.46,-6.8149999999999995,0.46499999999999997,6.85,1.104142276667369,0.0,136.758,-1.502662388077212,2599.7630017809197
2026-10-01T12:34:00Z,7.24,300.03,35479.0,0.5,-6.79,0.55,6.84,1.097993733086644,0.0,223.57500000000002,-1.4900829492162746,2446.2918174494957
2026-10-01T12:35:00Z,7.35,300.505,33880.0,0.435,-6.79,0.73,6.84,1.118013439290694,0.0,247.921,-1.4638184978356226,2420.1720300012585
2026-10-01T12:36:00Z,7.39,300.23,33622.5,0.49,-6.755,0.815,6.824999999999999,1.1229500046562784,0.0,286.272,-1.4508826115544013,2339.011672465682
2026-10-01T12:37:00Z,7.44,299.95500000000004,33464.0,0.515,-6.73,0.9099999999999999,6.8149999999999995,1.1276835095275484,0.0,292.13800000000003,-1.4364514185550923,2320.8570647765714
2026-10-01T12:38:00Z,7.45,299.7,33256.5,0.51,-6.6850000000000005,1.105,6.805,1.12875890316982,0.0,386.75,-1.4070542083783018,2137.6549942826887
2026-10-01T12:39:00Z,7.43,299.14,33231.0,0.525,-6.65,1.4249999999999998,6.824999999999999,1.1250166765690282,0.0,500.40900000000005,-1.3597977705512139,1932.8090503687463
2026-10-01T12:40:00Z,7.5,299.135,33338.5,0.46,-6.65,1.565,6.85,1.135358240316061,0.0,444.29999999999995,-1.3396264360649013,2039.36237388416
2026-10-01T12:41:00Z,7.485,298.78999999999996,33242.5,0.51,-6.625,1.54,6.835,1.1285427346631842,0.0,521.488,-1.3426930136817035,1914.6966938741873
2026-10-01T12:42:00Z,7.3549999999999995,299.325,32701.0,0.42500000000000004,-6.615,1.725,6.85,1.1121964115698348,0.0,558.36,-1.3157561198081027,1853.1936983954674
2026-10-01T12:43:00Z,7.45,299.15,33087.5,0.47,-6.57,1.67,6.805,1.1283725744684499,0.0,458.95500000000004,-1.3217401509983646,2007.9663685280138
2026-10-01T12:44:00Z,7.455,299.20000000000005,33955.0,0.565,-6.609999999999999,1.5499999999999998,6.8149999999999995,1.1296067334888102,0.0,429.345,-1.3404721288303438,2046.3380418566549
2026-10-01T12:45:00Z,7.31,299.17999999999995,32727.0,0.54,-6.7,1.37,6.865,1.1064266577018878,0.0,414.9599999999999,-1.3691218874036448,2104.186112622284
2026-10-01T12:46:00Z,7.305000000000001,299.33000000000004,32628.5,0.5700000000000001,-6.705,1.455,6.89,1.1064397754186341,0.0,471.59400000000005,-1.357200326335545,2011.7109288571266
2026-10-01T12:47:00Z,7.24,298.66499999999996,31942.5,0.5900000000000001,-6.695,1.4849999999999999,6.890000000000001,1.0938545006344995,0.0,451.962,-1.3525438921854909,2027.6143085738145
2026-10-01T12:48:00Z,7.195,299.605,32132.5,0.525,-6.7,1.475,6.885,1.092295144200649,0.0,492.52199999999993,-1.3542201506262783,1975.031490619028
2026-10-01T12:49:00Z,7.34,299.805,33040.0,0.49,-6.6899999999999995,1.495,6.88,1.1151985607553685,0.0,487.08,-1.3509782302837614,1982.9503150237467
2026-10-01T12:50:00Z,7.355,300.195,34722.0,0.485,-6.68,1.575,6.89,1.1198433574073081,0.0,365.925,-1.339400561410442,2192.000959740993
2026-10-01T12:51:00Z,7.3149999999999995,299.515,33591.0,0.7150000000000001,-6.7,1.19,6.845000000000001,1.1088555398137234,0.0,365.064,-1.395031149671965,2178.1441427057125
2026-10-01T12:52:00Z,7.31,299.93,35378.5,0.645,-6.71,1.095,6.83,1.107532421473286,0.0,313.00500000000005,-1.4089975001081534,2283.9488750574646
2026-10-01T12:53:00Z,7.3500000000000005,299.51,33269.0,0.625,-6.64,1.35,6.83,1.1119962633179927,0.0,567.843,-1.3710888335510378,1848.6114982947674
2026-10-01T12:54:00Z,7.41,299.27,33357.0,0.485,-6.595000000000001,1.75,6.855,1.1225133267341918,0.0,595.563,-1.311498197280899,1781.6754184294289
2026-10-01T12:55:00Z,7.48,300.89,35452.0,0.435,-6.575,1.5550000000000002,6.789999999999999,1.1409670419683948,0.0,331.779,-1.338756001792709,2233.8411238878716
2026-10-01T12:56:00Z,7.630000000000001,301.735,36725.5,0.41500000000000004,-6.57,1.105,6.6850000000000005,1.166916202008819,0.0,429.715,-1.4044158697365177,2067.8107364261796
2026-10-01T12:57:00Z,7.57,301.685,36231.5,0.36,-6.49,1.54,6.6899999999999995,1.1612820674964228,0.0,536.105,-1.3379772854945093,1871.4787787171035
2026-10-01T12:58:00Z,7.6000000000000005,301.815,38639.0,0.175,-6.4,1.33,6.54,1.1676486475309187,0.0,428.14199999999994,-1.3657737054127255,1984.5149959691846
2026-10-01T12:59:00Z,7.6899999999999995,302.21500000000003,37942.0,0.235,-6.37,1.4,6.535,1.1831475323033407,0.0,438.292,-1.3543970643105812,1977.525760985696
2026-10-01T13:00:00Z,7.705,302.36,37097.0,0.20500000000000002,-6.32,1.665,6.54,1.1876570327979004,0.0,531.177,-1.3133225880060628,1849.0965529170392
2026-10-01T13:01:00Z,7.715,301.69,36007.5,0.33499999999999996,-6.34,1.7999999999999998,6.605,1.1868636235974943,0.0,564.732,-1.2941753430217577,1781.916252153222
2026-10-01T13:02:00Z,7.805,301.505,34715.5,0.395,-6.285,1.95,6.59,1.1975933473446942,0.0,603.98,-1.2700218210475334,1729.1891474149118
2026-10-01T13:03:00Z,7.79,301.49,34776.5,0.4,-6.385,1.5550000000000002,6.59,1.193018920511467,0.0,476.20500000000004,-1.3319324625980278,1945.1107837281752
2026-10-01T13:04:00Z,7.835000000000001,302.455,36990.5,0.30500000000000005,-6.369999999999999,1.5899999999999999,6.575,1.207448285126215,0.0,492.65599999999995,-1.326219000753782,1920.9982582920302
2026-10-01T13:05:00Z,7.775,302.095,34483.5,0.05499999999999999,-6.385,1.7349999999999999,6.625,1.2005825573886202,0.0,592.02,-1.3061481757355984,1786.5199836483598
2026-10-01T13:06:00Z,7.74,302.92,34950.0,-0.06999999999999999,-6.345,1.78,6.585,1.2008011567099248,0.0,612.2040000000001,-1.2982409925497513,1771.1355962918965
2026-10-01T13:07:00Z,7.78,302.52,35144.5,-0.0050000000000000044,-6.265000000000001,1.995,6.605,1.2047336262664625,0.0,667.439,-1.2624007850609398,1608.337119690502
2026-10-01T13:08:00Z,7.7299999999999995,302.135,39918.5,0.009999999999999995,-6.25,1.545,6.470000000000001,1.1918997682143293,0.0,296.20799999999997,-1.3309735910567124,2148.7008993998047
2026-10-01T13:09:00Z,7.720000000000001,302.53999999999996,41883.5,0.065,-6.17,0.79,6.24,1.1914042665576112,0.0,225.14999999999998,-1.4434225812738501,2282.1478711402065
2026-10-01T13:10:00Z,7.540000000000001,302.78,45095.0,0.060000000000000005,-6.175,0.69,6.220000000000001,1.1654878108516065,0.0,222.296,-1.459530439548536,2283.446970950622
2026-10-01T13:11:00Z,7.51,302.25,44384.0,0.035,-6.1850000000000005,0.98,6.27,1.15764067779991,0.0,371.504,-1.413825522052079,2023.2363251896027
2026-10-01T13:12:00Z,8.03,304.06,46577.0,0.035,-6.0600000000000005,0.9650000000000001,6.16,1.2430911698445801,0.0,309.774,-1.4129707448520477,2161.999267530343
2026-10-01T13:13:00Z,8.31,302.735,50973.0,0.4,-3.605,3.605,6.045,1.2842471428419,0.0,1686.5620000000001,-0.7848067041151033,32.94577631911133
2026-10-01T13:14:00Z,7.665000000000001,303.94,49566.0,0.475,-1.0350000000000001,5.875,6.025,1.1905788149642715,0.0,1786.593,-0.17367261974001758,1.7720521984272146
2026-10-01T13:15:00Z,7.800000000000001,303.155,50827.0,0.36,-0.325,5.955,6.02,1.2090188597819307,0.0,1778.96,-0.05463855870022801,1.2820387833277342
2026-10-01T13:16:00Z,7.855,302.905,51256.5,0.445,-1.055,5.9,6.029999999999999,1.2115473065959055,0.0,1792.7350000000001,-0.17674165139339057,13.354013991118396
2026-10-01T13:17:00Z,7.960000000000001,302.195,50197.5,0.345,-1.885,5.69,6.035,1.2234649932838155,0.0,1645.096,-0.32047667742747327,96.89198180919793
2026-10-01T13:18:00Z,8.07,302.24,50609.0,0.51,-2.76,5.385,6.085,1.2402448633986176,0.0,1571.092,-0.47399081419283895,170.25658952714076
2026-10-01T13:19:00Z,8.235,300.905,48222.5,0.62,-3.02,5.275,6.12,1.2564048785953377,0.0,1550.2530000000002,-0.5200183628356126,201.07232670444563
2026-10-01T13:20:00Z,8.3,300.72,48366.0,0.675,-3.3,5.05,6.08,1.2654505042470225,0.0,1470.619,-0.5789951192012212,261.4374902845608
2026-10-01T13:21:00Z,8.315,300.655,50480.5,0.725,-3.365,4.9350000000000005,6.02,1.2625636428760139,0.0,1457.5910000000001,-0.5985018011625838,260.5120076426598
2026-10-01T13:22:00Z,8.355,299.745,48807.5,0.995,-3.4,4.885,6.050000000000001,1.2574132682855421,0.0,1436.64,-0.607896794221415,305.6164901657045
2026-10-01T13:23:00Z,8.465,300.875,46169.0,0.505,-4.37,4.165,6.08,1.2833563295061876,0.0,1186.9750000000001,-0.8094408849275478,646.5286913582837
2026-10-01T13:24:00Z,8.504999999999999,297.65999999999997,45807.5,1.4,-3.595,4.46,5.985,1.261992227230854,0.0,1242.714,-0.6739064280770085,529.271321865563
2026-10-01T13:25:00Z,8.305,294.97,49491.0,1.7999999999999998,-3.5,4.5,6.025,1.2197908885072646,0.0,1253.967,-0.6617320712676097,365.23900944287936
2026-10-01T13:26:00Z,8.365,297.885,48966.5,1.615,-3.985,4.22,6.075,1.2493510415056819,0.0,1288.035,-0.755126827324289,370.5318527617947
2026-10-01T13:27:00Z,8.42,296.55,47511.0,1.7449999999999999,-4.15,4.045,6.109999999999999,1.2499105978046703,0.0,1187.76,-0.7974240109407487,480.73129083187655
2026-10-01T13:28:00Z,8.620000000000001,296.655,48300.0,1.405,-4.105,4.255,6.109999999999999,1.2805840397507466,0.0,1199.1119999999999,-0.7678463098891259,523.7019463653749
2026-10-01T13:29:00Z,8.49,297.38,47675.0,1.55,-4.525,3.835,6.175,1.2609107302360578,0.0,1087.0539999999999,-0.8679622311955264,722.1857470256213
2026-10-01T13:30:00Z,8.66,296.615,47028.0,1.105,-5.465,2.21,6.195,1.2789793408628733,0.0,514.344,-1.1872194867011578,1649.4173311835077
2026-10-01T13:31:00Z,8.385,300.505,45132.0,0.61,-5.99,1.03,6.125,1.2774093057410847,0.0,345.67999999999995,-1.4003695704675452,1989.0588625866476
2026-10-01T13:32:00Z,8.295,300.875,44158.0,0.6799999999999999,-5.9399999999999995,1.21,6.109999999999999,1.2677447447090926,0.0,369.768,-1.3698296981345393,1950.2593525428417
2026-10-01T13:33:00Z,8.254999999999999,300.895,43484.5,0.74,-5.890000000000001,1.2650000000000001,6.085,1.2613691880578703,0.0,375.858,-1.3592315321382527,1921.3612101273136
2026-10-01T13:34:00Z,8.325,301.04999999999995,43443.0,0.65,-5.905,0.99,6.045,1.27274545853559,0.0,218.051,-1.4043791227285016,2232.4225644002063
2026-10-01T13:35:00Z,8.29,301.35,44675.5,0.735,-5.995,0.485,6.074999999999999,1.26984938098972,0.0,71.75999999999999,-1.490564965778497,2493.616123681563
2026-10-01T13:36:00Z,7.8950000000000005,302.1,48078.0,0.8400000000000001,-5.79,0.63,5.99,1.2088069421238001,0.0,268.068,-1.4619303174629352,2111.2628054747884
2026-10-01T13:37:00Z,6.925000000000001,308.34000000000003,35383.5,0.57,-5.26,2.2399999999999998,6.105,1.0796014345812188,0.0,1306.7097999999999,-1.1806216780938565,666.5869988661906
2026-10-01T13:38:00Z,6.905,305.11,36758.5,0.87,-4.8149999999999995,3.98,6.335,1.059562902020591,0.0,1182.8736000000001,-0.8797462017326234,810.8750972183989
2026-10-01T13:39:00Z,1.84,310.73,32988.0,0.76,-5.115,3.555,6.285,0.2971503769629137,0.0,1078.2331000000001,-0.9634327951626684,961.2904709853331
